amount,oldbalanceOrg,newbalanceDest,is_fraud
70.39021349652886,11922.842801478559,15702.341024154359,0
451.51821463762815,32972.15589532313,14818.72794431999,0
197.5118540318174,52503.80431670809,54375.2748312622,0
136.94138306639297,44201.26829816411,14972.771990970366,0
25.443730569351942,48587.10772382553,16316.98356771786,0
25.439443787190775,39868.218635932324,45563.895745077825,0
8.975815291302101,41844.3173065533,26984.3905470324,0
301.68462967199093,51102.54344235384,46602.63341731087,0
137.8623230440897,15730.412522691971,3921.9694538631143,0
184.68750925568855,29876.072854945287,29254.27162040306,0
3.1198961998707935,14051.357067356532,2016.8160109969579,0
525.5336212737468,59272.41247180217,3759.1922073212713,0
267.96443150320124,56699.501041510186,54386.24720066466,0
35.80314378734205,3326.181870741848,8354.72226705571,0
30.101848312449505,42628.93517842562,31945.240936513026,0
30.391713424838557,55589.650727524284,24665.736156042392,0
54.413059419071566,11653.945362512679,20840.59957553056,0
111.58917462912817,34508.76860260514,53990.00074123635,0
84.8305600170505,55013.80955769447,1309.40380652937,0
51.633448883091226,3002.8127365621317,39827.381170535344,0
141.9556310849698,42147.795767563555,57803.66605281302,0
22.5351793091008,18543.591434980495,33610.091007710515,0
51.82732680036034,55539.37552721529,56209.34772198551,0
68.44158273312706,58292.4364647567,3135.472757161426,0
91.34020317896625,56711.7228576926,25127.599144449683,0
230.6904016546368,28978.638782790364,15609.467457723069,0
33.410379319303544,51860.51640836949,43849.25789884379,1
108.30437325496915,50828.41451356915,58877.825429834804,0
134.62570819646407,19826.927921352082,15391.803746654869,0
7.134577463461282,49906.01297488996,39250.47608844447,0
140.29995309744152,3183.4504482140646,11885.857965584408,0
28.044187796612462,36179.92283044113,33919.8152742966,0
10.089589631895636,14570.52139997448,27835.949201300173,0
446.0531690260396,8113.4462608594495,58320.319777892226,0
505.59455136917586,5540.23889612334,36511.63636178799,0
247.8497359219315,42081.03777681025,20970.382325209128,0
54.49317899531374,21052.622862315904,6845.7470932760025,0
15.416597250375936,43761.23952019693,9074.809724096074,1
172.91261446479928,4856.0241071376,13519.015797074106,0
87.01362638780975,19602.12993200601,15057.999680417879,0
19.522835093167295,32829.986250144895,51036.96347046827,0
102.53208422012253,47652.66672549885,33673.367296951496,1
5.249058216521862,19806.397672992123,31403.454682461987,0
360.0634331089536,37927.59120978354,6886.132312153049,0
44.91866652610291,53272.687145935044,51608.381600966095,0
162.93836978474704,37335.92810275597,43368.858192509026,0
56.03198724864355,14744.609010464392,4060.101714000095,0
110.11663438638429,2439.646111835743,42470.10583378612,0
118.68356969726963,52335.83356015486,32612.293040558765,0
30.658289926185862,2254.895240172841,4903.520744806695,0
523.921069910434,52607.398688367764,27498.038491719388,0
223.8368065707211,32207.290907605508,29081.777227802817,0
420.76416289373736,56404.99421226088,9946.472409796545,0
337.8227996301295,48128.21091064626,56741.88882001694,0
136.65816185749125,59878.11252146691,50998.52228883972,0
382.41530689041076,21691.9971116509,40141.340239746496,1
13.898318842967344,46264.109046936486,27737.733660036432,0
32.72020419469012,24713.923902945287,24705.932495070512,0
6.942294853024793,29312.661597930623,39058.40802905725,0
59.029813020463024,38022.822329883835,32725.912164414327,1
73.81954376913279,52546.949736993985,3736.3863529131368,0
47.48406648132386,59060.924682758414,30750.1589262199,0
264.6836797861401,46328.131418006575,48384.217033970366,0
66.18404992948052,25648.240147872693,27554.392655817483,0
49.47042602013738,25860.06313434714,3117.394653256105,0
117.3610624811619,44517.355793744595,47176.69196304199,0
22.784722173094327,15087.851600329837,12081.826928158463,0
243.0725393662097,7517.972674752285,15517.250093282326,1
11.621380321696352,21922.707300805814,9882.381205937754,0
650.1219509380979,17947.10050759082,19812.903892289854,0
221.9225664362267,18482.179106903415,45405.0903413181,0
33.230916075882895,14782.857311944686,31163.15157023624,0
0.8306130563903212,3483.4981885453512,12292.876449042753,0
253.4845166229189,2054.5621492714145,52669.80468912245,0
184.0643861080567,59275.62099442586,52774.91129709175,0
195.84943631819985,26238.61489041588,52234.705502760415,0
221.282178906527,23675.27218242122,14327.772682892357,1
11.539389827069453,41099.18967889112,27074.360650859286,0
66.58390086243487,13876.979384038787,59099.37936845251,0
18.472515690667446,57047.709853063294,46320.74857859942,1
298.2794357487334,47394.35585051757,1630.0452735335891,0
146.4451787568561,6275.249136423311,3912.275475629523,0
60.272820187695146,25637.265771310773,27835.882608739965,0
9.850209870717434,52867.98014616772,54553.21235169361,0
55.87325256155306,56739.18931519321,32322.107877162853,0
58.9971319776197,28576.689163742314,29868.750482057414,0
196.18136759366112,37191.271963431755,6328.421997397835,0
152.233403838903,10855.002819432439,39406.80628345764,0
327.3377868602272,59478.94894208162,49326.18963601353,0
95.85992000644647,14668.630381623161,22825.20045045374,0
19.105859042325285,56621.17467397241,46536.71105551965,0
187.36895164748992,39329.15229054974,57868.5992340487,1
214.55891296152961,36856.47089785269,12225.987547661345,0
123.58312423287433,31248.622149974006,31399.777871684477,0
221.08349500820466,14609.518891347763,17228.277485074534,0
102.12220972654168,11415.153888324987,47571.26514203036,0
110.95182581659006,14008.686335140346,34655.60195286945,1
83.6721290862641,11999.857466511017,38074.94505301822,0
3.862166098517059,46995.48394043845,47874.849576953646,0
17.125115278779877,21657.390290837076,23758.228359747292,0
4.790052193958074,4412.717917240386,54905.404104422596,0
151.75943263913243,58177.05517830787,31981.732034768396,0
56.60950631926497,53143.36721284212,9477.289370120881,0
106.56557657012851,55737.384708517566,41753.947090128146,0
357.1898294768963,59699.561536139685,47595.681026295264,0
43.01082344749475,11259.81970394975,19005.7006240516,0
79.24229623240089,24378.279115256868,51430.755419925175,0
211.3123721307875,45736.07006654139,54368.59528594599,0
38.970773537609105,42065.21646517374,16614.269242668535,0
12.015641782526455,10079.858474051449,59011.28836291332,0
51.32104558305856,49134.15437444645,8442.691682925504,0
26.37125377500943,14241.993738362979,12120.940104149398,0
398.2425128820937,14205.239274534762,11053.490354281568,0
247.63306207268542,32681.490950711403,53639.38260047223,0
150.52412857807965,35983.45615566049,39257.553139497715,0
307.72795957812195,35225.08626243086,9126.256993336372,0
244.19534111108345,6397.723406467538,26419.40510210094,0
30.97432145379586,52770.19089519244,36917.881504188124,0
334.62201078533417,16670.402512733657,5007.845099362998,0
116.2649852949258,8641.380355685447,52944.98210444032,0
247.10224369553492,53436.136712269654,48216.21212649211,0
339.63639739293467,57383.43839555545,30312.406414598296,0
57.40960746274777,51865.52941866159,58027.596915550224,0
17.488824018577624,48761.44840876781,25065.65875650598,0
38.8030119209072,39659.27685770228,59046.61914218987,0
83.55865391229216,33500.58486593922,40075.199928217626,0
255.57445899584175,6132.218834773198,38080.276395236484,0
295.701745781975,25098.739571171223,9957.2937177471,0
1.046461377247597,22988.622503726525,52915.66549827864,1
107.23142390078337,16325.473241859247,25649.38127523691,0
81.0409981378007,43681.78670762651,9734.004346948761,0
37.675100741373676,30256.66836964748,756.4511985455424,0
19.15205873184702,5781.726738551228,33585.341018302955,0
61.78628697936487,13990.80891503887,31643.97732736058,0
429.46816840367245,41312.267055916156,43161.21734214952,0
58.55757043222116,5491.720709927711,53415.48318106813,0
109.71792086402279,51221.20792887735,4764.3950785817715,0
182.11304653212824,30213.645093824485,43889.78942042174,0
67.79617484504435,29354.608062272233,11244.716645854933,0
535.169720743755,35952.05929491154,51490.62318942984,0
492.3014796812097,49656.1769895838,49143.81083169937,0
43.509194248830795,21520.74326622939,32447.625299132662,0
103.14889176957708,41002.95300098475,42614.567917398694,0
53.68956901185702,34378.185875751675,18861.0067910249,0
50.287451457162256,16754.66793999586,28270.073935968878,0
5.63767166482838,52839.169194954324,49298.2138626283,0
141.07381064738897,48048.13527480876,27555.911830392834,0
104.77794492444578,39848.6582448471,21467.89591952651,0
7.927663107058872,51184.32201656027,29652.746835017995,0
48.9938881515554,52170.35785662834,49694.9551462331,0
358.32914266340106,42793.41562618705,20112.482842252364,0
41.07908282131156,50383.78637345665,10425.695588144628,0
23.479629147820464,42150.816238487736,42720.84121984684,0
100.84081642104543,41128.305533857725,49558.692762484905,0
636.6055473922889,37498.07131469587,6038.2487114119995,0
41.57172203395893,45410.28173390083,14392.446765356683,0
167.27325154459402,10357.701212291347,8518.319385659634,0
215.08314393591942,52971.37479273678,20876.484694929997,0
40.69997585037087,52438.76813696869,27021.058734324757,0
195.41233927384744,2725.5896990389897,44929.580217798386,0
68.7784198896456,49723.188283321,39068.85509290045,0
150.0755621597657,8603.322180933266,37255.71404870587,0
150.57567407064573,20772.012401289372,21142.496796579264,0
115.10778749285232,44866.98712120486,50486.853185085594,0
14.194373821743143,10484.833866850184,28277.230043889875,0
270.54671913694455,49260.05442302467,58746.29628090927,0
58.02154405010949,50095.91649950677,38048.52829774421,0
30.96481599113348,30940.596291889335,7575.884493870164,0
6.244463969151781,1376.766431293181,40570.65372452604,0
134.06676068918753,17935.249857319854,19506.24092590194,0
169.77776014010232,37398.688184168794,41179.631801165844,0
2.509042133770593,58889.98450361798,4178.468889744345,0
107.64458768242325,38276.998093983435,10492.886230557564,0
38.523622058243646,16328.411282785428,51344.23553434718,0
155.4186512321538,38406.33648287707,13630.773421410893,0
28.740633380870065,32859.13740323547,50222.467514576405,0
176.13187913515787,47010.87831391747,16756.565307264627,0
73.34380514716527,7311.857690790546,38572.91460352246,0
414.05157267064607,45900.646247619654,41649.03441058986,0
22.19166201589184,32934.728141890504,30759.285188703176,0
62.56986509927576,57816.52822768068,18318.640601803876,0
18.066642755549463,21170.45779628248,12758.662582265768,0
387.92855957260855,38324.69169490294,1991.3612737455733,0
314.7500560741491,55989.65822509103,18236.78407444343,0
44.749105509223334,7048.0739514500765,39189.76743187698,0
161.8144108565872,56296.48074695062,56298.28910690896,0
254.9226108958832,41585.257615747985,52272.26893578312,0
121.51985410297621,5002.386487205142,45963.88659211816,0
113.14191152909191,18756.85044986216,47306.84059519792,0
41.53155681568547,42782.15323007161,39899.09420855971,0
14.658921071241108,4973.68548665753,15617.21145396018,0
341.26848377917844,35348.05715040012,54431.701842349794,0
346.016164147264,21407.10036022445,40243.93871435004,1
150.40048792243272,37634.015548281146,33626.43785882639,0
62.10697647169859,3698.7799949382584,6659.368152808865,0
64.4351423717466,52420.6715629902,26823.332628385524,0
194.1698144590677,58435.849181466416,27621.49627211558,1
341.11460236608787,58163.7934618558,51873.8165713602,0
327.169885409492,45229.45807283256,32798.89321126731,0
227.03432878963548,8675.088167707287,22824.03293822458,0
154.09660403515574,45737.52855981233,58608.01971063956,0
13.183758929412608,2450.628071069289,6643.23559957894,0
26.444132202511724,2305.289540210838,25352.905698716677,0
343.23457502662586,20093.002929822935,2521.4805102843175,0
139.87409204483842,29829.94823387528,44394.247246015824,0
1.3859408416491614,46454.0376506598,55084.59313194904,0
16.0495352153924,41314.42721978381,16802.239773029367,0
163.37435809353613,27308.25967622815,51500.50060794725,0
0.7611655577695504,17143.973310618287,17533.093827713867,0
26.29737241562986,59830.345509304956,54646.20969863491,0
119.35467692083975,26144.696831922403,45237.714215807035,0
176.5972929982219,27631.83443545085,48294.406610486316,0
158.3162223202873,10653.805450308482,1080.39333602727,0
38.09248009620367,47893.763376245835,57768.62142444156,0
186.81259333478084,41927.25132110783,43600.25952421939,0
40.623563857920885,14025.407154536862,18285.065723167998,0
59.045236337712666,5860.4816913347195,49763.67989153082,0
205.8536327498686,41149.45882240807,16891.2719048958,0
157.3160721454152,39616.16164258698,52365.23037396768,0
283.79341161951015,17122.31209289435,6754.823424716221,0
160.77199322546437,57100.95017277421,42221.158647647746,0
126.00664583808862,9912.415615073114,32441.90859869462,0
14.753559217261573,26507.753261513513,5792.068211726449,0
68.762446081053,56673.33928988833,14513.629695530339,0
46.224022178824676,25763.911698641215,744.2421766388874,0
41.95503054936319,38673.03091218105,28126.07792787035,0
541.8464109244388,24458.06947980486,18075.915645600024,0
74.90812455600357,17178.69693857153,35901.44905786553,0
333.9082816872784,59054.68122962987,17834.26846251703,0
149.60015786047248,25150.706372587538,17995.146690419082,0
237.57378790325998,53751.853017068934,44591.5919238962,0
104.76529865831556,14567.321747574084,2888.5701587012068,0
129.02338539623776,13573.177537479914,54173.699711519235,0
101.74401500125401,2836.91089018617,51135.832463470884,0
32.58223429878577,39448.34269717722,40068.28099358439,0
192.26427045987057,22743.054279701908,35593.29420644306,0
49.436605254939444,51997.13674053858,53538.149888379136,0
3.692472162103292,28919.384494801874,11119.810771722867,1
155.54531794429107,58123.41224696858,4738.1497314497165,0
29.240035533723404,11946.005426484147,14370.610194572286,0
423.1624720909955,52248.76690938104,47674.69672201142,0
461.63436191820347,46819.214314712764,2080.2160035889992,0
369.5264826950762,46484.388833999066,34968.410105009374,0
69.34310947460501,50842.21045889637,59726.2509714786,0
2.3365973057916576,45900.415465636936,51341.76563025237,0
395.3285185997835,37946.99897625351,31286.74134261537,0
83.84074155795919,8743.447783260868,3818.4545571985404,0
510.1263024183084,2919.0445899838633,49882.41086314259,0
497.0603214195308,55330.023021125526,35938.710490632635,0
287.6080525769128,37382.368556723544,6895.97982357401,0
52.31641022582404,47995.700167594405,5631.437089401372,0
72.94378981480403,29409.818739240454,54577.60916619554,0
285.708997871712,7921.183148781274,40152.01577628471,0
57.17193471460756,8385.961739950475,49757.20795900533,0
27.857792444363216,41448.35194650931,52738.73401693604,0
122.06054880903416,26388.0477990683,34306.341122899335,0
412.69402062105627,12830.958875319866,31046.781105302478,0
178.62383966369057,30004.078257744775,25825.644619259412,0
126.61685046534834,4788.327287432911,19016.795267467158,0
15.334229602398432,35336.312712949526,26075.757651522705,0
143.17960732765766,16870.610861670764,46432.77934380938,0
691.5854621769475,48055.9869375941,36115.40586090789,0
22.638087996339625,19311.355576490852,53551.39739729076,0
109.57429874722555,27857.98879582627,26602.800862751265,0
314.79129568511917,1685.6118545779375,36425.37472312524,0
202.5051372530505,5274.366379878974,37878.45318551932,0
179.11116379525097,24157.119827994404,35501.82973837953,0
181.8431334336735,29316.391248310287,42158.02638513098,0
66.82385134724237,36401.21233903892,14246.008102488377,0
52.13431264006427,18208.09214384889,30741.82665274744,0
248.60617608895686,42003.93128146601,6253.48816850086,0
249.1992298630543,51747.22143416307,23070.679658688754,0
302.69250710518725,47011.20834470764,29260.024117275865,0
366.6923942754955,3337.5106955530714,39133.45557272835,0
107.41398553993555,29349.909888211907,57031.863155172214,0
104.42765663267988,7190.8805266723175,36039.06399290135,0
240.14248984627312,15280.65593588912,44615.634970593586,0
157.45786123317004,59213.09300276164,30375.963569712167,0
181.58259727672754,9407.237031189281,38046.24188257988,0
238.29292124313073,30434.40105363001,4255.932968026405,0
331.09852145201506,37471.18832476903,15263.494850510819,0
61.87236107064813,42445.43326210213,21711.18559230832,0
70.64051830913345,34019.27232572793,28349.601300390816,0
14.804405878104083,1576.4799977318357,2738.924730143024,0
129.5121039914152,20261.217186395523,8401.44585319906,0
5.4906156316285495,31544.986959697973,16608.858467478345,0
93.99104222731644,6184.123449545168,58291.96145406304,0
117.34418785306889,21686.988941341664,19880.820426183047,0
50.644599047178374,2958.9834186906273,28922.46348672495,0
134.0448795219263,5636.131332146224,11765.862764303576,0
4.646259315221182,24418.473295894168,36646.804264546096,0
5.709524892418408,8830.22948854056,16840.99293095846,0
259.4027054307204,34484.91004743193,12419.554706305607,0
66.98775363116171,41678.433179098676,30994.357706758743,0
20.383356194614198,48234.61524743589,330.34794962524927,1
110.79803824185234,12808.864410443795,459.8419589535196,0
220.44719106686028,10881.472353285115,13144.128546111466,0
36.46770051448551,7169.502579729615,2203.2817500492683,0
146.28294279847393,38549.38472307457,6481.545247841483,0
13.381654348484593,42682.06786272717,20331.638960325097,0
7.959764386546411,2863.58254471288,48155.14077478877,0
113.68634109382815,56236.522528377696,34322.91860215805,1
116.68656640421133,4066.305735436872,30760.063557384983,0
152.18061723069238,32936.483782763156,17609.3293924873,0
194.24408443750264,42834.570647604065,55905.223165968986,0
558.5335513049989,52387.17830101905,23820.9024742315,0
108.94366788455343,43131.12899581324,5225.56600774629,0
58.50295711589682,48301.956901117715,37023.99096706808,0
237.84809695990293,21027.561360025556,6830.303608596085,0
47.37771981542059,49074.68171104422,20713.388568101524,0
86.69751469099519,5726.7759366958335,30444.716323068533,0
12.255775287550485,53794.18270757113,52453.35148111055,0
3.851641431221157,33307.95019307044,29612.79482040712,0
493.1069884902903,49220.568427787126,42135.52596189985,0
271.16514631725937,27686.778786579707,59569.01033994422,0
178.59640991990125,38971.08401659497,7889.347193878897,0
78.87894666977128,32057.75699523068,16483.89153117117,0
28.54598042131631,44163.781783564584,23674.564535858783,0
25.51811123592812,5816.168939804785,25309.69071232988,0
43.20089836898754,4560.772955443264,24661.264515932748,0
119.51859724699719,15579.09080659864,54456.66015339329,0
188.07739316651637,10413.136126678111,42841.958668011386,0
161.90855245451976,52435.230428939896,36474.312845442226,0
49.261839208349386,13933.625254124614,18562.363071766926,0
464.71552478344597,58576.05009332875,49427.42305327768,0
200.85261073128396,20876.851714495304,57303.63068909934,0
121.2345722896997,11744.957025633257,49271.896953013595,0
141.90457080561526,47592.21192140627,93.90631148837426,0
81.6056798298077,39863.75875455169,38184.082211004425,0
42.699193841109526,30393.5472707352,3068.1228865260437,0
66.00211939846686,33766.44950532024,15456.433220023311,0
212.72727716350698,43432.90491806356,3571.4820208663014,0
2.1747119581206413,14478.829738546625,36227.727176963264,0
18.507058835996407,59783.70104734777,41195.394809556405,0
7.064156542878079,58512.7965666602,6869.258283954307,0
6.237217787593864,39369.215494469274,23030.33298269877,0
290.1304550423488,12773.004604819564,27374.19053733252,0
182.43609175510323,41133.466303446185,22143.181305654995,0
96.41768916193385,5259.706129771374,7261.500029111583,0
15.443537767171987,2808.4976301425577,25136.867411248524,0
101.47769486958498,16203.290422161606,45070.682868505086,0
96.21754981415567,28294.754447619664,4260.459871995328,0
28.529206920033747,52228.07781909445,4810.800844914207,0
85.33486969534857,43902.975116212176,21286.277510159052,0
76.25049218748103,44819.68475079888,56503.542697135505,0
143.50836493697017,26104.106732436445,40114.358803374846,0
151.2171804061368,21410.164560270812,40720.197400353885,0
6.954348603080209,22891.28701609156,21715.1994502719,0
70.40760069825923,59271.32426042741,35619.647472512304,0
147.46874921740928,3366.4422933364663,607.8710416646027,0
104.91591789116846,52154.85827122447,38165.76278457253,0
291.2024179763158,35141.84910577121,54797.2168545742,0
161.24621460824966,26878.309732185837,36754.40810068915,0
26.6779303150961,43790.201964493055,52421.9156079807,0
10.977365438436125,29713.46754405747,43438.38332796563,0
154.25912206633367,52531.97104681798,7233.504984221415,0
4.030360900109164,54141.409976664254,54147.1984371505,0
132.2021066710936,25881.53468553387,3986.630661346493,0
422.58831830807276,17332.840036868045,32038.048352865826,0
128.51736683663168,35948.66938700837,8528.22742760746,0
73.69510383358609,54829.43739138477,702.396643854244,0
154.6240736767473,13429.069151334328,25322.05560765834,0
91.94339610766369,37755.02843024548,17702.442459249374,0
118.32215408644802,38262.052985458715,29160.02962785618,0
425.71907193494985,44253.66832250158,34631.99320407305,0
73.18912910252807,8762.493422508327,2624.3443385368414,0
487.3637792260131,43233.672916243224,7380.197707424738,0
353.63642756548785,54632.91871927282,33518.54378702552,0
32.6844391410675,11601.303423344276,20590.041190359494,0
10.782623295473552,15015.05617050878,43750.40925296688,0
15.933800322244531,58312.310548456735,39137.49891551638,0
2.7584831770850555,11677.640209859896,50736.26177939441,0
14.88075174836312,51408.72050880517,41549.56960015352,0
172.33123088657507,30044.393530434052,25795.864643408888,0
11.077444041964053,15586.633389787445,40377.99734366594,0
57.62357824423027,52374.24417507817,16522.870455325112,0
279.52890601459154,27273.010045157265,18378.80992669276,0
3.5320504771067265,31374.22388185172,47339.1095952476,0
252.67957592789378,22194.768794586176,26785.17098409493,0
49.66252002594442,35984.10023466072,47902.82043110115,0
18.862517974366146,10647.908482516343,49345.342420096706,0
178.973311265987,24073.81066245388,51453.740259677026,0
148.70987646498304,58195.327017781965,54998.11415047244,0
314.912372113042,16229.872529366525,25859.113230797775,0
199.24403681466006,39747.46320793624,19132.00909926833,0
244.04937089909674,20186.213789257,34931.92479564683,0
49.70007934601078,46634.91441550944,22270.345406257653,0
29.299994406067047,8721.545982382639,36064.45000801398,0
208.3134594008137,58219.44165963414,42335.15175862948,0
246.63137748651295,27773.582941634715,41304.30110952821,0
698.5507335210345,14926.977337441373,22473.173221207282,0
79.81190312289075,5336.3080924707465,10011.61210192517,0
69.7865867942599,11015.716400164903,25831.760307732453,0
224.69317550153806,31666.66296480504,8555.648644914525,0
62.51005063961297,20883.18740944589,53405.8221110285,0
400.52068865989895,49904.11858707396,20752.647644271445,1
293.2258735749374,26422.36389604655,9267.584833399427,0
84.05334141632395,15674.142082670165,1526.8655943450526,0
208.46770747431916,37411.554209637776,38749.343177189054,0
210.69494802825258,42699.8557962413,38214.139047284596,0
16.325627821007703,10855.472566156042,20436.2499948775,0
349.2668521301448,10889.533761010742,4302.71333085906,0
105.55612346351315,3163.6141890790354,24577.733693713923,1
262.6998836284995,44447.71888887279,18673.049703803616,0
57.86031392467624,40164.4671296865,40627.238384100565,0
338.81857718188894,29003.221669239018,36346.75496716142,0
73.94826810902569,50806.05648918263,21875.6236918524,0
1.6345209922763217,48534.539024053134,13073.553255299406,1
353.6860945443681,35535.90749940838,59282.15796933551,0
14.358841582271289,52228.00555028226,27240.097271766892,0
57.69804500775583,13144.631392169327,41296.45414681422,0
449.54585747824285,7603.257544465945,8433.178054701646,0
451.1924310155984,16915.227079502387,29135.381979563866,0
127.79959365828957,4368.124509269576,1652.2031921679293,0
149.8845120585787,32339.00215206089,30327.307074626995,0
89.25219954342865,56259.73584540273,57841.04442706214,0
52.05341681192955,3321.268899442069,23052.402779148015,0
59.77295018255846,8204.48492659158,2339.7607544946954,0
167.44853698927594,27679.74266872268,1857.3474551606116,0
209.37568104946158,56098.62603414639,23279.205596812168,0
235.2293124331723,19653.21019362828,9601.496187791643,0
233.82465477731125,30926.853712615153,1401.1257796911548,0
14.345541981047916,3452.798683973134,45372.81683701061,0
102.30743948600339,9752.248856763243,27511.38053291344,0
8.89225596731067,59211.177254571965,17354.686318359272,0
119.61919735430894,57942.003089726684,54004.99098098884,0
87.38329124809253,1291.4588751301674,6968.337612031537,0
327.99279963312017,57156.895339971095,57355.129737319156,0
64.82874292018276,38708.07633111452,18838.00304264117,0
18.67589663286763,52207.179376681306,53304.22033852087,0
23.146148181317905,27829.651482397687,36176.57258876769,0
215.01458206186408,31420.165686175766,49602.44158448925,1
144.43585196220525,29841.948235158292,59040.78979262786,0
15.991306836807816,40344.99119522016,17304.326269124744,0
13.178328250290763,9239.424030622462,57668.129124455576,0
181.08127074796496,2768.441802487999,23368.91369414522,0
11.331913428869571,19167.866553880263,23130.71428421534,0
258.7778780712872,42576.165001462155,20423.22625527034,0
183.74996296950076,12909.353675253953,32484.456440855112,0
12.727312587046809,40732.51356617012,9248.702590709227,0
13.298080166671003,58224.810720328955,33222.68912148067,0
647.3187843087138,6540.1422315756845,32502.288744600242,0
70.32563738284344,40683.52497528245,45714.1087562922,0
69.45828907129687,27181.2629389697,50018.99771625514,1
251.33631049240157,52220.39300827282,26426.481018745442,1
441.3246806944866,11451.837577395769,18139.994961089626,0
640.3160909402976,41864.93118134371,15560.093839025669,0
209.98488451745126,50448.8020892385,11677.430202292317,0
70.80314994286884,56732.23894896737,3458.854931941493,0
13.07909905469359,41311.633669089104,20546.8787300828,0
225.18638106819384,30333.31107649721,16214.861527846995,0
122.60406113422394,37452.98717187162,57985.04315198444,0
82.80496879574606,52265.39408424438,33462.529575002634,0
355.2356513217136,34665.97505169095,20836.622341830454,0
17.682031195782038,2792.8365221133745,34828.05605962176,1
101.77576640594314,55925.97303491169,8351.80208074173,0
1.7127884148812504,41682.0783108621,26642.624952132173,0
94.85315543743893,40914.289760857544,37574.05928526383,0
8.692564659888866,13724.833991465313,29333.869907547083,0
18.973649389675682,39874.242743726776,24106.728039259455,0
18.75393480111844,24237.99993359535,59630.90333398189,0
157.13525796104574,39422.745645448034,52818.885728935624,0
205.58965763947091,7288.988788171452,37404.357489566406,0
131.33306658043028,39812.87297157913,34162.641670936966,0
491.20803136535653,59965.40982046933,37239.62878947504,0
70.46948668804008,3844.5102927728058,12078.726469345995,0
50.47037361308381,58653.27686905772,23708.264595859117,0
304.42538072553447,25007.569682649366,2367.571973453959,0
37.962310159778006,52374.45356989829,28532.7622492096,0
495.4305159377866,47160.74355943813,32581.47503745979,0
1.834341653845396,34453.9593982134,13664.984166192575,0
525.3790384319223,44568.50334582826,57841.73082993082,0
6.617849792775284,52832.418116779525,54567.27665623452,0
332.65818437400134,24844.278977410944,43328.59412735435,0
112.52148755240854,20294.956532231085,32003.197725921757,0
743.524291188905,40388.0097482515,52198.1495788611,0
11.49920639316824,48662.91057453425,7839.140629407775,1
121.06644956000233,45974.82295182033,47430.5876564931,0
522.5362831884008,48071.00528265943,7489.248838010898,0
111.0665899771566,26699.415573963048,47652.63975296432,0
148.8942435571781,49252.21875432628,16546.054095081417,0
178.48518571751612,8092.334266865898,52625.43486109134,0
90.91916335154264,33124.85677969012,56642.52562952387,0
148.1511259512033,1339.7609693891727,8927.758164306939,0
131.67387927086335,20150.563964115947,27760.53630392361,0
347.1349154223971,22621.230557412473,58859.24268976111,0
6.976719261522146,24374.18880494607,29004.446158388797,0
49.47640888481377,42032.56519470187,51812.85135087271,0
450.5994008791397,23924.9279749504,35323.89132787919,0
331.4513742680229,27472.92373472931,22519.79447517611,0
91.226289293943,15015.103721585321,17147.01333155221,0
145.1899543108466,23021.855706131064,12193.385465165236,0
48.73101298426952,14408.908008525937,45707.891482661835,0
31.260624215409674,5318.559502338175,23192.43040938167,0
93.45878982061481,36603.4670095013,30676.52773204507,0
65.39303019251001,40424.555114745956,29539.528800070915,0
131.43655590099647,37549.93041456726,34636.74175398787,0
12.138342664977719,28346.148584233768,51934.62873747313,0
549.7440183783851,23407.36103057456,58844.36061500577,0
642.5798363328807,51936.685324737686,24455.052514429015,0
179.67958228691842,31625.825323036865,49651.135326378186,0
115.21176516181349,29271.73078015413,45871.66767928306,0
55.556895233154,2512.8818825797052,34411.7370873344,1
252.1360751231995,21133.621829943226,57362.82861671599,0
173.14943754732235,23431.541508365568,12028.470931704167,0
26.621048115073258,24530.544072917128,6555.852618577284,0
362.74516379986915,35230.1697844126,51237.71801732533,1
259.3491767050907,32482.55025688583,26348.9889980249,0
448.7607787550154,36866.400474813236,50818.13125242363,0
194.04060062942014,46128.112430985566,53585.4123117249,0
142.56060293870593,48966.15858424951,3747.4556171442864,0
81.255375988967,43369.26149736317,53007.88577916364,0
404.8527542320677,57375.89806134115,26899.14332216533,1
301.558857007038,2075.722377905336,30625.949340253934,0
6.940940797968418,12550.90115532922,37595.550665592615,0
4.0081225299767045,1446.2096237103851,55582.956403805205,0
70.85216423748943,39201.00813512158,1146.9656657858418,0
249.54715844941293,53983.802388049226,28610.608099069024,0
654.6413202330251,15365.455498001656,41263.32254583364,0
24.451426490171954,55695.03814298209,43362.41746189371,0
135.25861953236037,4555.77602708409,41551.945892226475,0
71.92105496371441,56131.725581525345,8066.107764487311,0
525.5562831563943,21745.73854713843,17963.735302300873,0
276.8869811150452,6983.828878503775,21522.93152502081,0
273.3285069704786,29666.43379199321,48266.2324607703,0
94.86233567096603,16149.81749550997,16725.59234487318,0
80.37524044910235,17807.501215753447,12642.297832032189,1
47.908333822509185,19130.10793065091,57446.88114228577,0
8.704044576725432,48378.52797212714,531.797106808134,1
300.0639210004965,32810.515323840016,59869.251340918694,0
251.41761588748844,19367.154250204214,40609.277931443736,0
1225.8668396727123,37009.69321534418,49708.15796694702,0
854.23101011165,43252.88977916842,17677.16378077159,0
121.5977388962091,17084.816043278493,858.9166600235986,0
219.79246353093913,25399.39698999574,44272.1711136918,0
434.4257524311654,8191.279506879906,50048.675820040546,0
284.21580220638685,11687.811622546138,44428.56791721115,0
42.62286668717198,41185.953383933986,8571.017238050315,0
89.82402410997967,11704.86251404199,45205.67533541814,0
20.7444516469633,31984.63963635655,46135.36692645846,0
462.0335679662563,42833.72944162353,39512.430940203296,0
139.77715538829273,7305.738462589887,45966.95596773517,0
38.94055881277256,34471.42095810531,50755.28638066393,0
167.07443087598753,16137.204238380462,36816.2468542475,0
144.40056521146076,57812.68563901721,5316.282838180744,0
66.5130693445659,29529.193156475558,29257.668580032652,0
18.08086820977039,48553.560436734326,4658.960080296304,0
167.01619252786531,33463.36598721944,24452.58186194585,0
110.19156362790567,3561.3394384343305,24426.389347537657,0
221.97106214407725,38355.931160047316,3960.590648414495,0
110.14647906352727,57132.79719019277,20929.23203816876,0
286.7655166962726,36495.09738863354,6659.88592747889,0
120.41311785322313,49332.142706180624,48494.11260055333,0
123.46718714702207,53168.18133755606,56861.28155786825,0
313.9137964844657,14456.706544987015,4338.988515476316,0
77.49709709821755,13510.645554585371,57306.912437502084,0
21.583193308544843,37047.87834220851,31354.59596020471,0
4.380753214814202,25250.679718595577,17973.940677232433,0
211.05861789938785,50551.8168691365,4611.7245165698105,0
145.25984505910193,54101.36428048266,30037.45608422507,0
182.64980216968146,21851.86137886037,47670.93266944492,0
35.92222402401652,14975.36297949444,42425.18863600189,0
21.991882684241798,47051.00539938785,3013.5606878384256,0
2.1977214398503175,17213.556097340028,4374.11012207421,0
64.75308922726039,49534.24479230703,24172.396957958226,0
133.70960634974168,26000.556965277006,17717.429642876596,0
74.6972801341726,40385.44405819676,13943.05938336287,0
86.29793442426468,6636.583516245422,16860.269934522817,0
351.75922844721623,37807.70015591781,48208.96459781308,0
64.21539216376675,27654.293045496517,55753.68321791123,0
108.22875421084817,35609.89932735297,24306.161671653987,0
229.63076065795525,10912.838256946941,54366.66012794982,0
75.76201969487695,44475.55095170675,19289.742074872916,0
145.9635713029628,51905.02757505048,28586.219180627497,1
297.471096552646,13787.648205355763,13561.739868959983,0
447.92856230620015,6647.1587756895415,38428.56253055064,0
23.862281897225397,2394.6765767338475,58738.866910488534,0
391.7494144563118,38876.318526152696,36209.58576260272,0
101.62541714932959,36818.548129238065,21468.84504681293,0
44.810318152709364,33255.14735013013,38869.0467594317,0
92.18804510560463,14684.878670842549,7375.240707923254,0
587.0479646370887,24063.453758425367,53319.54481592392,0
101.77369390010396,36074.10377598421,30185.03704679018,0
59.79240481507497,30309.244672690995,26960.984522378523,0
150.52294109364894,59279.34569267835,35151.88730721115,0
41.19427015734044,9049.945400847255,37487.03176736415,0
11.834295746435256,42013.52868880803,4306.548373590782,0
20.69628295686238,24854.807318153235,40957.033273404144,0
20.55276361005107,26263.77728061127,14515.900818931776,0
24.713985233500946,43338.268173832395,42837.15795039539,0
22.419009910127482,41853.73292813781,49352.0876630518,1
153.61260766137096,59484.10362842911,48237.51045315122,0
30.111953555172242,8575.263077793388,33150.05804447335,0
63.620897369220785,7142.469313665813,31210.19353864507,0
340.64611876925363,43735.99021059573,8572.557680364704,0
96.35717124698905,35124.82810337814,46520.769024188136,0
165.19336254785708,17175.479327028545,16284.562826802861,0
28.369277566982472,5685.74277035021,29801.725369076794,0
32.03264714926426,6053.836726189402,17056.445575651003,0
6.259081907634796,53757.261605182975,8029.7017799815885,0
27.757101609837132,12320.17215840583,37773.4618135042,0
48.982217794671826,20078.922164815725,3259.92208937423,0
29.22177262246619,14372.727731392293,44918.714047572,0
13.932886179055135,21944.782044084302,19055.207715667,0
19.28343202400288,5096.006722019509,8.081580269119204,0
92.64440150480686,31624.527663587953,30667.748354233787,0
34.66383095176449,4989.1412519406795,2811.1145116561875,0
67.94716732663778,48221.03396151933,16570.17346925397,0
105.00077770714955,14789.012832715549,42418.58924734297,0
175.86861510188132,32860.702961666124,3761.377297311952,1
6.0158595150023135,52924.66616612604,50360.30954136014,0
240.97413657391795,39401.76477378446,229.19535951498648,0
148.28905355509445,32444.50940652878,14809.432152114136,0
12.79431455645014,20135.691433807162,44454.243369124284,0
310.2202047732136,20647.112870433677,18976.208983758406,0
380.5040319568392,40499.73035669322,6113.543283960812,0
9.45342413402451,59654.222312048885,21614.035128025673,0
48.62652646929762,40048.512201113335,16223.597183071532,0
246.14027748399639,33909.22162483147,50562.71412963329,0
206.90358603214625,44108.38010411552,18800.875055108587,0
30.59694480927007,28447.13112473937,47335.948306560436,0
35.23485467722998,4548.398213446328,53512.328688644084,0
69.41776650365546,34175.51213679668,26029.04517459177,0
99.39938470029216,57499.89178581743,54596.58863126352,0
144.4502751087828,11342.873599101918,22639.083237791572,0
69.04688445005267,41710.28855841928,57844.70498940649,0
93.13366638313764,12855.087630884333,5357.371471534376,0
206.43434105847638,32613.833383911795,41221.155990194566,0
5.605942848221769,6703.910529156457,29628.84242741572,0
43.640493282359586,27571.885239232925,23258.928327338825,0
187.42378124340385,45613.63640481952,37962.712724916055,0
338.365013149592,21506.719930099942,42231.42549805987,0
107.51686683126013,40229.79174474586,261.7961790185452,0
113.92942535296034,47931.54768659402,10017.185324831924,0
17.004200781099506,55703.49134928771,42782.76303805912,0
88.97148691253263,14843.882829471759,39983.12481469239,0
114.09101985829349,24559.63903274918,57962.85030772063,0
41.653920489098,9992.544786494629,45662.26741504698,0
47.051191781781576,59556.52662734414,57046.36246388028,0
71.0497477203708,55693.05710753342,42152.43009208842,0
3.041304112547177,32857.47068655302,17883.13251836659,0
58.30871418842036,50679.96436820886,6321.895335051388,0
35.63354034354448,31736.52065905049,46909.43180069613,0
59.5123845347974,37791.555592162826,38648.953288554956,0
19.13446549271719,6258.34149484498,2891.160743597774,0
331.8119849914537,45560.95480931167,21603.0279540587,0
135.05982208193396,8535.095534478854,57407.98892905717,0
170.49494368395474,49737.99018489917,30024.068742612075,0
233.50635485666868,47139.65717255277,25963.748161182277,0
103.50546327733277,42815.93716683561,27461.976309557638,1
13.639814177618376,3133.462450960965,12532.963440309823,0
115.53875449422338,18884.573000774388,22122.430251887712,0
132.58845868070603,16523.64162473973,22188.795359230597,0
205.2324973212614,22248.048040819627,3141.301211248344,0
84.75519740744731,6170.922059066474,46054.0577110751,0
20.472700009396835,56280.5115588327,24990.26591423274,0
50.06432703925559,33674.3322020302,49330.7932089854,0
67.66722382119352,19025.93432882339,51020.88006719372,0
155.73369174327925,24421.909507382723,12719.643281919483,0
126.86725818021294,27384.949889785305,39441.208930207715,0
66.03101394777093,36435.065668276424,28336.908249778902,0
645.9293658254718,31425.086234093367,52809.404275289104,0
139.6249512700814,55244.12641965062,12944.440750587248,0
40.61917931351999,30320.845491443986,40668.79201860265,0
16.101450693733028,59537.322874575446,36465.12733516336,0
24.88324388847388,51234.07250696065,17718.088654309966,0
42.346027409271144,13302.120347082813,8196.054219070356,0
26.274731243144103,55905.11766399106,39098.38562863659,0
30.97376181818706,7865.61747524309,44315.84748793984,0
50.34087723231698,49229.532800980305,18937.640625801,0
28.560365049433052,23456.774315118226,38689.95624133883,0
340.6127174033873,52800.4849062591,23707.854456690195,0
12.545356888800024,52215.34471633957,42792.412996957064,0
111.5118525169054,48549.598606939646,11952.916493643186,0
79.24583347339535,47611.79574211662,53412.900158170465,0
605.796324902388,18976.069206784407,17244.575787934784,0
17.824101854610735,5774.2377000238785,22067.159265369173,0
76.08869906136457,24775.830547144527,3485.517124820987,0
523.3589496190073,11237.946384204011,6690.732739276584,0
300.9366092952232,42002.11424524524,30951.71416273969,0
254.79945510542692,21419.883865729345,16055.56060367829,0
44.74126253002569,58561.00185073498,50128.813544531666,0
28.109929917973133,38817.35256337459,881.6033192972305,0
165.68393980226753,49526.3532544273,22745.64292031617,0
397.5577642439933,8818.955691769057,20240.73280614556,0
122.04756328571133,51858.85445408473,1159.657855056062,0
127.15913421878798,55442.67424029027,7462.103940030614,0
49.27125462159762,29736.653210317218,24818.560495118116,0
220.12106376181328,36768.92332730767,29571.8750668468,0
31.061697321910625,46123.77825327673,24257.384835292145,0
58.66317196788489,11315.47900836434,31856.260704725628,0
83.12168251047459,30651.398511343104,35707.900494340895,0
106.27274439670478,24521.118638566473,595.4292676701378,0
41.64188753544087,9636.065537572698,27845.709567210233,0
18.29749082162032,22684.530915200354,57809.9544532553,0
141.47994861440347,5022.166253744121,31141.936807772923,0
51.08450526548127,2522.9025100197323,40652.53604753719,1
130.56796024386654,8974.811060134543,18711.831475012994,0
25.14971291560197,57823.79158376126,46439.48268916575,0
98.41820670427913,33422.242617806,46375.2889125669,0
114.08208721936167,57983.50750803998,31277.762859248338,0
7.982197718568199,26517.374821477788,58560.829396752815,0
61.55754020706348,19397.151852030314,7533.012885759203,0
21.65239902478974,30862.3699075744,1016.8598933748596,0
9.820838815878732,26931.189629341698,46209.49270542576,1
690.1801967092987,7234.216371442891,48429.33224189295,0
58.369503377913034,38808.75256672217,7212.433747234574,0
249.0105920654848,13746.252768066377,15934.969977516364,0
44.08332514401021,37555.68933897195,1053.1418019977345,0
171.62120265305273,39361.86445149105,17598.516646833883,1
214.20993342423128,9969.466334590239,46388.51243512029,0
135.81698912537095,4619.627999529421,31077.631662754735,0
95.67849660679076,47064.93357803795,20885.735590097283,0
79.61367202580666,28128.22500238989,22304.357694379818,0
64.35649525559622,4431.663934823071,81.21754292808924,1
397.8834072331171,59697.112713016264,17988.031653914153,0
266.3410606712697,4409.053098785631,38787.52449827583,0
502.97645841235374,42007.07850265464,58451.666628981424,0
19.909281275415832,59037.056590541404,50823.64961903397,0
196.88270451907613,15111.626148739611,1415.6978787317476,0
417.9190897891861,9392.712752544574,53913.63628049036,0
29.993371455119654,8161.711425923305,46991.90479791756,0
10.321547620874531,18893.233706488136,46822.567414258825,0
202.7089729782933,6961.702849628155,27479.745540214288,0
128.16407162980045,41837.51915995378,23880.31757727017,0
276.61157119822167,4675.216089673699,18174.94372999156,0
22.583736962128892,31055.905560837593,3941.6915372619465,0
237.9075166547802,59805.11437732563,13694.121809621947,0
33.77696596005344,49024.24590085511,14796.218098681476,0
26.807279844827697,37297.94685562964,29044.624182612097,0
26.916698483992604,19068.96362641009,44846.664395801636,0
252.7654923846013,37809.85434120667,28428.589703876798,1
164.13204585239532,32095.446370787446,3470.6669668296363,0
111.05639345190666,26138.919649531916,57467.388059292236,0
66.66921025171023,8711.912227671768,56563.45914564673,0
314.58040009414987,53309.648699187535,47111.3725889045,0
74.74691245461673,27537.294280458027,59479.67409385323,0
254.41239942721043,12482.728197425138,32668.939968015777,0
86.74123216708206,22697.801701760087,57766.10101519236,0
70.96793487266056,25433.655399206695,4536.302437005046,0
93.17415898494039,49824.73583844558,21940.84489568228,0
53.79679131459631,44283.248453122724,13522.87608040595,0
206.51659694054092,46388.98872483905,11749.985048056202,0
104.7904223543394,1650.8446012901857,8448.176933560566,0
39.636379649559785,25553.08589260593,37344.8184939598,0
344.75097743258755,29399.304946484095,46879.3113448383,0
72.6497613538067,2132.344332560345,34697.90396522164,0
117.64235732666452,16328.979315957018,8817.76257529258,0
355.424341306444,45857.099564205964,48667.42619600825,0
146.8198955785996,9089.472638010944,38157.28242982371,0
18.64719237866696,32583.297755702908,23289.942367619733,0
421.5925025898314,13696.910449017012,40447.81773216378,0
148.21153934022394,1715.1257039897032,15594.29875456997,0
61.17394733269641,15230.885998372947,20711.532509652632,0
22.49652309246387,58576.55153969317,55049.150587919416,0
237.00020935204006,48290.68960109638,17430.270340285224,0
145.16632613442786,57615.02201494097,28199.296089476196,0
114.36207870735423,29783.388591655385,53408.46824376088,0
336.4954995804668,7474.435721972707,42463.281016051646,0
233.0985020544108,33329.60984944788,3732.1935698821653,0
24.673698018951132,27808.26273903769,8838.182656738221,0
56.03438270937007,50817.06788163734,470.4954463150091,0
42.85044278232569,6786.87226627043,37855.307413749804,0
204.35520928026173,29806.227084284914,26860.4055246251,0
5.11613097867569,9852.871216945072,8056.491054136532,0
126.55703345792145,20155.879686513537,57476.047263406224,0
215.61205737896682,44504.06756588018,31779.583436737194,0
314.0501016578907,29085.069632757226,14513.59764677335,0
62.80118903176391,23177.40882360039,30036.214269282453,0
258.27119453115046,24274.100435632085,40777.219964106465,0
17.5865827648166,28107.359335953213,4574.353078413868,0
281.06159358175313,47315.976086386356,16482.228902873518,0
20.456944579210624,53632.99664747383,48417.929453039615,0
75.94719468147964,57364.74650373177,27579.892224159674,0
239.40080449897349,47427.29978906241,32794.628521937695,0
24.363268488062424,19609.00684913275,25968.960132568154,0
39.05895336671264,41599.94765910599,2633.996558580307,0
192.15646464673583,26818.584319268124,9944.986789209355,0
190.9644257987542,16025.56670071702,26732.498324513454,0
153.7266313106086,50611.42318612943,12551.12792447567,0
177.60025636314253,3267.154588777175,2998.7417195807243,0
117.37036517934573,54203.95753598999,50618.979843109424,0
43.51255488891149,28227.170412859316,58871.55174984695,0
63.627479068989516,38594.88713168855,47588.57243980437,0
30.060191177479776,39901.88141014118,51227.095302280024,0
358.63142089854773,53811.94670168564,14518.627819022722,0
131.3413581954898,38563.51124786523,57637.61853079199,0
76.83684892185335,37222.08150084365,11815.542267205703,0
92.9861259481745,4932.470393080708,57085.78862170994,0
441.4235605495816,31586.07329476704,59689.15763795706,1
24.9704325192751,9859.971048205458,42703.36834476292,0
132.3666913662831,44508.59235456765,58868.62390750931,0
105.74916611897659,31221.093327947794,34172.38677402622,0
141.8016477004609,41133.43897329285,15572.50699056542,0
2.741427060974585,3458.7011355406717,26219.753139937253,0
308.5040283811045,6002.72894670239,35613.65612272716,0
403.4982805036878,43263.079895698254,4384.8937216209,0
124.90731959150965,5252.975823921729,37340.595877034764,0
178.93061107889372,5204.1469381502575,58870.670205737675,0
383.6204036768439,1714.4000388583595,11406.458987023658,0
184.25961800887774,57433.582499669326,47555.706977303,0
24.826576368618255,44512.99320808141,54473.927626777164,0
128.80532247788403,21841.833101621785,56622.09556921325,0
139.98312855510224,18495.599295971657,57608.13626432683,1
82.78117558842317,21632.490555005123,31287.578323288315,0
200.0235455825088,46704.55833968973,58638.47447949022,1
408.5515328643712,40020.86605315445,45438.612428066335,0
389.68143195811757,11926.538504180608,9700.286174217714,0
89.90464444554264,11272.450784710976,28614.0063880782,0
18.026805682767627,6805.343333090442,43099.87052232024,0
628.376098368106,39957.86046237895,14840.418949145,0
273.8577166227664,46097.98707108242,38436.91101293324,0
19.97189395755951,16637.73927117524,39996.028742797156,0
380.4461911444914,2235.752700823856,9761.984628513954,0
305.9135896840295,5848.1283811092135,33905.118747165376,0
109.73270789529738,58103.7420558568,46297.61465871646,0
134.20706802436123,18431.241871167796,29933.739872156515,0
76.37472651135204,46384.165722449885,726.1870065664456,0
8.447722386494068,37855.15056240156,542.3081447575306,0
61.23973294511117,23534.438739520858,21421.760638200733,0
243.5711866599268,13135.54846953775,55571.64410590692,0
0.6964176099514328,8161.798671404979,13720.606776216526,0
60.85708448852531,37285.76511429313,38061.82133230123,0
76.16671422820173,46703.39305762949,13324.552241599235,0
115.63245361858226,38990.35095892671,19300.199379572918,0
378.58882142295624,32287.82586170034,50882.52537608904,0
63.776566633618515,3475.1221824665395,43731.686536196816,0
63.91597289377429,58140.83787806864,5723.956638792638,0
200.62634274983483,48124.1373076199,25722.121259186017,0
90.2816660238509,18276.50016535692,1750.185818715868,0
38.15737105540881,58818.24943217219,28853.408796180538,0
90.34235258642326,36511.013788543,39746.040702064085,0
22.772988289708056,35362.93683422754,7110.1574158890935,0
29.108175481214513,45136.3175863424,17333.09633454994,0
103.48320642042265,48894.417497318114,23870.197530129415,0
81.43143243840105,39732.237832558654,55171.86147936298,0
369.49391028792195,8557.649035605802,59595.300925377844,0
67.50518745595924,20957.782853675406,2694.6779397369514,0
130.3353575677908,55756.93477923694,45660.47540972352,0
150.0586158776772,14252.321098787264,22303.443984140595,0
1.977141723848884,22957.854406413288,23547.4911737688,0
163.39022955539835,26492.536093707564,45255.89840082136,0
29.40879602988723,26924.89439197268,55105.58592872452,0
486.89974084086396,37163.43536717701,57055.7156701529,0
24.142035646527013,56641.47442693775,34627.355162299245,0
80.32516718049104,15200.869998117792,21427.26955803017,0
13.38201564757547,8168.581201754166,47252.94515152676,1
865.2122422726139,12650.7589017363,15060.082995738016,0
104.63202984873392,53328.5691123469,33844.441730011065,0
135.72289861334187,39102.83794665716,21514.70769149239,0
10.414807624238126,17868.500565110447,39397.864422472565,0
207.92043828239986,49140.86939914842,14423.934773610414,0
35.34042573753948,51820.82978544273,11495.576744089547,0
342.49722852174455,50944.3459827264,55094.34520052622,0
34.438324224125004,55216.66548473371,6108.220976972214,0
31.735564471322377,15882.220190228334,30357.4744640959,0
5.585151278650825,45547.47379603042,13251.166977780535,0
95.81786899431958,28171.83033917426,2335.797799540047,0
124.80661555142709,50677.91462051363,2161.1290974855833,0
10.19504102687347,43980.94995253518,10513.30632634964,0
224.10038903975584,46810.399343483754,52006.221270360016,0
90.57519754404326,39713.548423183216,16948.7246386216,0
111.47364818888953,11468.297398712706,57027.550234517745,0
87.17722076813705,33156.588214919364,34897.33757935161,0
76.8147301912382,59095.51463194598,26196.851386125967,0
123.02451857068121,56305.89592333002,34805.330080167274,0
25.305451014143323,3547.2504120236886,31001.903113576067,0
30.120762931293825,10724.074128036791,45526.57522543951,0
296.8423992444211,8771.997633819152,16949.763958371135,0
438.13675638970284,43832.814689132436,21183.023496018144,0
70.09532812127078,49249.33446155976,53645.65815199504,0
47.359704853899906,13597.170612329643,56787.39078902433,0
154.92348976416855,30845.308884157912,53553.49364918847,0
78.82343514108695,50601.4786526608,25166.879637438815,0
3.857122309897054,44235.291141208785,46821.9301804129,0
25.467540494926592,32991.99512401905,28580.143998065927,0
188.80248897795684,35830.5137370676,29852.391128766132,0
161.34746734763036,30993.27226806052,12280.806543437036,0
4.120478682666015,18555.358627810412,35467.81819551099,0
37.64894608000575,34336.29757868195,11168.153865200877,0
39.41423684263965,41644.23282095535,19893.881944031626,0
167.16220842417778,52526.05203578765,51301.81209719611,0
2.9861071938209105,38541.18988477564,12424.548552651313,1
16.490408790205922,45906.17068554632,4269.497110405969,0
241.35276409443622,10444.226462319806,4140.455556768979,0
29.5016564177678,28231.890990767602,56447.07123018648,0
158.65486333808653,1550.5655697985044,30415.226277710077,0
40.807293331349285,15554.053006775759,24564.7243090211,0
15.711005022730697,43861.241191667286,48652.714860475106,0
41.79292746171709,59516.78712961244,50149.55567463096,0
192.16422196455477,6851.507875645739,19931.461986936276,0
290.3754506180894,24688.164635816007,41617.083448427715,0
265.98764999633465,48204.18715325041,46267.368951113196,0
75.92137342126327,13038.102443105032,39279.04121195727,0
165.43151676068925,33750.01200883489,9095.704488005962,0
34.40901154934712,44251.206465750816,52552.98501102342,0
52.04003829187752,37343.14156535056,32345.673164160522,0
339.98979429463566,12093.459342309552,16948.34558220022,0
1.9630782594427505,21967.689552458625,25513.691126261634,0
13.408070944567369,47243.715284638434,2254.265423934443,0
34.95754203597228,33699.36433378898,7672.008073345053,0
4.033580283647533,1308.5471990318515,45932.80503095165,0
30.030450493540915,45898.454841657534,0.6980853219684668,0
131.215309311655,3083.369941474105,24993.94970893753,0
82.07794775517006,44998.2931811427,31350.610865135306,0
334.77945312327415,12946.353049749006,3278.0652000583377,0
255.10438545292175,57526.33532704343,58384.68977833997,0
62.74092077535481,22708.504326822986,13567.519874980317,0
45.04893782209178,20288.965363946667,18251.92317817685,0
71.63097121628066,9784.394969614235,18236.55073530164,0
133.84766252149578,19030.648713922677,13824.999727040995,0
46.80925647229093,52722.39494786383,88.42932517868496,0
146.78433683206313,59783.72592000759,43760.68764527978,0
78.99540589197167,22730.26229990405,58010.72998795712,1
120.46010497722666,27468.027226318012,13457.608997102703,1
85.93880926366681,43602.18535396148,39782.831508205345,0
52.31999628934997,53285.551047439396,44513.77961752291,0
444.7900831728305,35989.615717020264,50905.52274543148,0
216.33817555989543,24100.01619249193,25357.75182081655,0
22.64317471845313,25344.688610068803,18175.854338425754,0
304.27573915789856,42041.47064331161,19517.708041381866,1
100.24804944928746,1189.8775526524423,42757.27998591077,0
337.4309235434615,37555.7709101306,49006.767990338165,0
241.30716808948506,21974.087616040088,10896.83806539616,0
83.0634928887911,47857.64254534797,22256.460489465913,1
3.4088384216310175,6486.447749564797,54116.411804949006,0
46.935082166473,35703.93374995504,48401.611181684355,0
117.01316335196944,29377.4005032813,59091.50416574855,0
150.55459979018045,38897.206028408415,45254.895580924844,0
44.73820198934084,4826.362074495132,23591.712061675335,0
22.511162824607332,35219.043458259745,35438.27003967827,0
270.20806307435873,34127.5906896119,39660.85525483922,0
624.0936244780851,34078.94557055408,4707.348979027437,0
111.88418204581303,36605.77232919083,32669.817546231905,0
28.25322954901109,40911.60829635537,42559.249708356576,0
47.68147075933993,48494.350981165415,10039.278240063622,0
2.784283111614901,16919.422487564647,46837.90304553343,0
368.53327915403355,49677.91520062366,35026.366830846695,0
18.792156576930452,30397.085253543763,57133.30714185568,0
128.88610033022337,5546.4384689255385,2545.337892413502,0
48.042199290418935,4454.504825394773,15919.568253328018,0
121.1753273110478,20720.060803067587,36093.23275798944,0
158.08329509790406,47308.92164957659,17793.594732355843,0
265.56587886335404,42753.17514971403,42865.44984427453,0
34.680379125680375,47528.28291567198,45540.31695131586,0
1.6585094447545794,31518.874330054954,6150.957843988467,0
22.08121060310858,26971.74087937394,30831.267852406065,0
345.41572932797726,9699.699075670753,30533.433335463353,0
310.5902028079684,20363.37246294938,22156.846212932465,0
136.47664652947387,26607.14260425864,55975.49175418033,0
137.63755777580204,6227.425351097417,49650.37919239327,0
164.06013441112688,14016.105209961464,41832.56291457821,0
28.923304295782824,36295.29234976059,42859.59814409985,1
368.7314341156952,44404.1237401122,27702.968628787145,0
81.3914451519477,59902.50317218403,55259.67126579455,0
72.46661989918026,56053.6865492699,41675.72563519712,0
109.75753989340215,38911.346772576304,43738.863699348985,0
7.215699643796583,25853.635144350246,51701.45422724071,0
27.27925575739085,38534.46451778573,16444.29536053146,0
200.9308635635945,47353.44546673369,48424.25423200218,0
12.96424135077654,7981.8352644798515,11714.436177389522,0
138.63033284776733,25184.388492081005,20720.51713469327,0
42.225005040066115,50548.334852501415,20136.62725619056,0
73.97133853877826,23646.144164049598,58711.528103348435,0
51.0978287931219,34740.464002404005,51392.23342487561,0
65.93227165842802,35678.3922908697,42070.19169541558,0
190.43459799580302,11884.098934884722,43623.40569692341,0
52.88573094083263,22371.891057485016,33724.36766415426,0
125.34652960585532,20736.166035773997,56825.44002651115,0
96.95396800353926,2545.6058033918225,29775.525172941692,0
163.44988846390177,2427.314069589959,22831.06259219367,1
414.28824712694535,50070.12557687063,9782.12021589546,0
197.83579068825642,17111.177788395933,47172.33913566348,0
36.2993419866071,31566.64720809011,44066.63592453548,0
4.751951823638676,18624.80884173761,23061.302311448093,0
45.625395300838186,56500.07546180509,1511.6048375537616,0
135.6090977809646,16298.508773080652,50339.839663080646,0
7.919291714966202,26349.75195159717,685.079007244418,0
102.88589340392834,52491.08477859151,42221.986777743055,0
136.26432599813404,50674.08044071671,58215.42658356342,0
61.02478169071506,11979.983652930361,26259.679688892207,0
221.0474938720102,48355.955277946916,14098.404299757165,0
16.907837214701697,28033.026317535667,42292.2606026029,0
11.716575868837053,29495.16345303596,49027.68852093511,0
195.39711153245892,8875.318372540683,32785.81896467084,0
102.62553399946029,5755.489311670354,58022.11651536877,0
174.90639835997115,43948.419111452145,3100.123299477666,0
85.5935998693286,30291.207988962684,30287.735898271687,0
42.434438063779744,26774.191454295593,43107.236839353005,0
256.47355478567937,44040.98549049141,51758.42826895074,0
240.9782345940285,46165.261040475474,10755.336714467403,0
177.9673229563682,10375.58189249186,48000.20890582089,0
47.64804224820481,37003.28381918083,33162.42454311271,0
133.82413195851964,8985.890854383446,23793.220919397794,0
67.1714963369733,45331.13007571369,7902.901714745613,0
14.407610190997984,39760.35421976123,51917.74553453475,0
373.90497653064625,57440.26264392402,9436.39249078292,0
22.069567322928005,5068.522965028849,18587.271552545953,0
450.0735979684144,4366.228547924005,17402.731917746212,0
88.59015191863082,17649.03740689881,52284.842051451255,0
