user_id,device_id,amount,failed_logins,location_change,is_fraud
user_47,device_145,180.73,0,0,0
user_12,device_144,1414.5,5,1,1
user_62,device_140,185.67,1,0,0
user_80,device_136,220.46,0,0,0
user_88,device_3,138.6,0,0,0
user_83,device_144,243.91,0,1,0
user_8,device_30,27.25,0,0,0
user_95,device_23,96.55,0,0,0
user_21,device_92,84.25,0,1,0
user_81,device_115,74.02,0,0,0
user_87,device_104,279.48,0,1,0
user_80,device_118,2872.52,5,1,1
user_70,device_5,114.03,0,0,0
user_72,device_104,71.1,1,0,0
user_25,device_108,299.37,0,0,0
user_82,device_65,95.44,0,0,0
user_89,device_121,251.9,0,0,0
user_12,device_30,228.49,0,0,0
user_15,device_149,232.17,0,0,0
user_59,device_84,35.7,0,0,0
user_26,device_32,128.19,0,0,0
user_26,device_16,111.16,0,0,0
user_47,device_38,284.83,0,1,0
user_32,device_142,161.55,0,0,0
user_10,device_36,155.18,0,0,0
user_16,device_114,24.57,0,0,0
user_71,device_66,95.63,0,0,0
user_17,device_105,243.01,1,0,0
user_23,device_85,272.77,0,0,0
user_26,device_2,75.55,0,1,0
user_85,device_75,185.01,0,0,0
user_86,device_67,45.65,0,0,0
user_7,device_55,140.31,0,0,0
user_14,device_6,822.99,5,1,1
user_79,device_143,2584.28,3,1,1
user_7,device_86,243.15,0,0,0
user_9,device_60,51.43,0,0,0
user_48,device_101,154.04,0,0,0
user_72,device_12,192.57,0,0,0
user_59,device_49,102.1,0,0,0
user_87,device_42,23.59,0,0,0
user_93,device_82,28.18,0,0,0
user_82,device_35,81.58,0,0,0
user_95,device_134,958.52,2,0,1
user_94,device_67,173.85,0,0,0
user_39,device_80,273.09,1,0,0
user_99,device_7,119.42,1,0,0
user_18,device_14,43.65,0,0,0
user_59,device_73,279.75,0,0,0
user_17,device_143,50.34,0,1,0
user_14,device_149,1322.63,5,1,1
user_31,device_66,285.72,0,0,0
user_24,device_91,974.14,4,1,1
user_99,device_130,299.85,0,0,0
user_60,device_20,121.68,0,0,0
user_45,device_10,999.4,5,1,1
user_98,device_25,117.25,0,0,0
user_3,device_25,130.79,0,1,0
user_37,device_54,71.48,0,0,0
user_43,device_33,265.25,0,0,0
user_40,device_95,186.25,0,0,0
user_90,device_14,198.98,0,0,0
user_55,device_65,197.0,0,0,0
user_87,device_110,67.77,0,0,0
user_39,device_80,116.66,0,0,0
user_15,device_54,159.6,0,0,0
user_4,device_125,14.26,0,0,0
user_93,device_131,15.61,0,0,0
user_86,device_134,152.93,0,0,0
user_25,device_25,3178.09,5,1,1
user_13,device_141,264.52,0,0,0
user_82,device_117,231.07,0,0,0
user_33,device_136,73.74,0,1,0
user_16,device_149,176.85,0,0,0
user_42,device_25,116.64,0,0,0
user_66,device_79,106.31,0,0,0
user_55,device_68,74.75,0,0,0
user_99,device_12,174.75,0,0,0
user_42,device_32,264.98,0,0,0
user_34,device_128,250.63,0,0,0
user_30,device_96,70.06,0,1,0
user_13,device_92,215.94,1,0,0
user_13,device_141,147.29,0,0,0
user_18,device_31,178.84,1,0,0
user_32,device_78,163.91,0,0,0
user_96,device_20,172.78,0,0,0
user_99,device_146,220.43,0,1,0
user_39,device_60,255.69,0,0,0
user_46,device_134,294.68,0,1,0
user_29,device_93,57.53,0,0,0
user_62,device_43,284.74,0,0,0
user_93,device_130,166.26,0,0,0
user_62,device_60,210.13,1,0,0
user_57,device_31,76.77,0,0,0
user_16,device_5,97.56,0,0,0
user_56,device_10,285.23,1,0,0
user_10,device_89,279.31,0,0,0
user_30,device_130,62.29,0,0,0
user_25,device_126,260.55,0,1,0
user_84,device_11,205.56,0,1,0
user_5,device_56,162.9,0,0,0
user_65,device_83,41.58,0,0,0
user_94,device_137,127.94,1,0,0
user_49,device_99,73.54,0,1,0
user_3,device_149,1292.43,3,1,1
user_45,device_73,294.54,0,0,0
user_14,device_115,273.29,1,1,0
user_30,device_7,161.22,1,0,0
user_68,device_80,56.88,0,0,0
user_18,device_144,81.73,0,0,0
user_62,device_97,57.18,0,0,0
user_37,device_4,154.68,0,0,0
user_25,device_4,2106.63,5,1,1
user_48,device_103,243.38,0,0,0
user_65,device_40,61.59,0,0,0
user_53,device_17,83.61,0,0,0
user_79,device_101,269.45,0,1,0
user_73,device_103,54.6,1,1,0
user_15,device_124,153.46,0,0,0
user_49,device_52,194.28,0,0,0
user_88,device_52,26.73,0,0,0
user_68,device_124,190.39,1,0,0
user_12,device_63,176.41,0,0,0
user_59,device_116,271.65,0,1,0
user_37,device_62,17.98,0,0,0
user_61,device_7,76.32,1,0,0
user_43,device_92,207.07,0,0,0
user_70,device_14,218.56,0,0,0
user_39,device_86,104.64,0,0,0
user_56,device_133,134.73,1,0,0
user_63,device_130,126.27,0,0,0
user_46,device_62,267.78,0,0,0
user_88,device_149,84.04,0,0,0
user_11,device_79,19.51,0,0,0
user_62,device_149,1828.59,4,1,1
user_77,device_138,128.73,0,0,0
user_98,device_58,106.34,0,0,0
user_25,device_120,199.85,0,1,0
user_71,device_133,166.34,0,0,0
user_52,device_65,669.07,3,1,1
user_4,device_13,2894.1,2,1,1
user_59,device_82,161.53,0,1,0
user_72,device_139,75.58,0,0,0
user_20,device_149,76.82,0,0,0
user_93,device_52,290.39,0,0,0
user_63,device_117,225.15,0,0,0
user_54,device_26,97.85,0,0,0
user_74,device_34,246.87,0,0,0
user_98,device_52,271.56,0,1,0
user_57,device_112,228.73,0,0,0
user_90,device_82,3474.56,4,1,1
user_41,device_42,228.61,0,0,0
user_3,device_21,160.1,0,0,0
user_6,device_42,149.74,0,1,0
user_5,device_141,3344.72,4,1,1
user_5,device_113,39.73,0,0,0
user_54,device_105,117.09,1,0,0
user_47,device_17,212.19,0,0,0
user_87,device_120,277.09,0,0,0
user_49,device_137,259.89,0,0,0
user_9,device_129,66.62,0,0,0
user_99,device_130,293.77,0,0,0
user_20,device_60,220.85,0,1,0
user_61,device_48,153.92,0,0,0
user_35,device_29,238.0,0,0,0
user_50,device_97,17.31,0,0,0
user_82,device_10,214.07,1,0,0
user_62,device_58,78.14,0,0,0
user_17,device_21,168.46,1,0,0
user_88,device_28,156.39,0,1,0
user_3,device_34,61.98,0,0,0
user_32,device_8,125.0,0,1,0
user_99,device_79,55.61,0,0,0
user_13,device_145,262.71,0,0,0
user_89,device_87,82.64,0,0,0
user_73,device_88,251.52,1,0,0
user_68,device_69,205.47,0,0,0
user_14,device_87,93.41,0,0,0
user_98,device_101,3295.82,2,1,1
user_11,device_8,264.62,0,0,0
user_56,device_77,113.2,0,0,0
user_67,device_87,206.49,0,0,0
user_92,device_43,2216.48,2,1,1
user_29,device_129,204.73,0,0,0
user_9,device_109,131.32,0,0,0
user_67,device_17,90.58,0,0,0
user_25,device_133,294.31,0,0,0
user_98,device_148,62.02,1,0,0
user_76,device_21,127.04,0,0,0
user_42,device_58,132.59,0,0,0
user_9,device_110,86.64,0,0,0
user_79,device_139,87.87,0,0,0
user_40,device_143,4858.42,4,1,1
user_25,device_135,59.91,1,0,0
user_5,device_28,134.81,0,0,0
user_11,device_51,36.71,0,0,0
user_59,device_5,214.1,0,0,0
user_98,device_5,140.7,0,0,0
user_88,device_94,162.47,0,0,0
user_79,device_96,60.48,0,0,0
user_38,device_8,187.55,0,1,0
user_72,device_64,11.94,0,0,0
user_5,device_138,118.33,0,0,0
user_48,device_38,121.83,1,0,0
user_90,device_111,282.5,0,0,0
user_18,device_112,189.0,0,0,0
user_70,device_81,202.85,0,0,0
user_37,device_136,104.84,0,0,0
user_60,device_104,244.08,0,0,0
user_48,device_73,158.69,0,1,0
user_77,device_49,76.46,0,0,0
user_28,device_36,213.25,0,0,0
user_69,device_126,247.33,0,1,0
user_77,device_68,18.56,0,0,0
user_81,device_78,32.37,1,0,0
user_40,device_105,133.18,0,0,0
user_45,device_122,182.49,0,0,0
user_96,device_119,266.64,0,0,0
user_62,device_114,92.16,0,0,0
user_93,device_10,158.95,0,1,0
user_58,device_149,94.53,0,0,0
user_67,device_140,69.8,0,0,0
user_56,device_91,260.91,1,1,0
user_40,device_2,20.15,0,0,0
user_98,device_118,263.38,0,0,0
user_40,device_13,154.84,0,0,0
user_91,device_95,4027.94,3,1,1
user_77,device_144,94.79,0,0,0
user_33,device_32,97.3,0,0,0
user_6,device_32,152.42,1,0,0
user_88,device_124,231.69,0,0,0
user_19,device_11,85.47,0,0,0
user_80,device_10,30.44,0,0,0
user_40,device_15,265.69,0,0,0
user_92,device_17,42.03,0,0,0
user_97,device_146,82.49,0,0,0
user_59,device_59,113.5,0,0,0
user_59,device_78,238.89,0,1,0
user_48,device_124,286.32,0,0,0
user_41,device_114,156.63,1,1,0
user_13,device_22,961.56,2,0,1
user_45,device_32,4229.92,4,0,1
user_89,device_113,4364.68,3,1,1
user_53,device_120,109.99,0,0,0
user_42,device_149,13.84,0,0,0
user_63,device_122,2349.92,5,1,1
user_27,device_32,76.58,0,0,0
user_38,device_119,508.96,3,1,1
user_60,device_39,4052.44,3,0,1
user_7,device_12,34.23,0,0,0
user_5,device_18,268.35,0,0,0
user_45,device_149,40.55,0,0,0
user_58,device_141,186.25,0,0,0
user_31,device_149,123.4,0,0,0
user_23,device_126,288.36,0,0,0
user_42,device_136,130.57,0,0,0
user_10,device_46,3633.93,4,1,1
user_32,device_104,69.06,0,0,0
user_53,device_135,176.87,0,1,0
user_30,device_86,212.02,0,1,0
user_39,device_89,137.34,1,0,0
user_31,device_22,1014.29,3,1,1
user_82,device_92,69.25,0,0,0
user_2,device_29,15.26,0,0,0
user_78,device_13,147.53,0,0,0
user_77,device_2,209.7,0,0,0
user_93,device_29,219.8,0,0,0
user_12,device_27,248.2,0,0,0
user_39,device_50,106.75,0,0,0
user_66,device_95,63.2,0,1,0
user_96,device_88,145.23,0,0,0
user_13,device_44,243.03,1,0,0
user_46,device_22,29.42,0,0,0
user_27,device_97,2937.92,5,1,1
user_17,device_3,168.22,1,0,0
user_95,device_118,158.88,1,0,0
user_98,device_19,283.34,0,0,0
user_60,device_23,30.3,0,0,0
user_64,device_30,214.92,0,0,0
user_88,device_39,23.14,0,1,0
user_35,device_108,119.98,0,0,0
user_70,device_111,118.24,0,0,0
user_83,device_25,40.07,0,0,0
user_30,device_128,133.56,0,0,0
user_71,device_111,111.56,0,0,0
user_74,device_136,14.24,0,0,0
user_96,device_106,122.12,0,0,0
user_98,device_144,123.32,0,0,0
user_63,device_72,185.57,0,0,0
user_28,device_129,257.25,0,0,0
user_60,device_108,99.0,0,0,0
user_79,device_5,122.0,0,0,0
user_94,device_3,183.93,0,1,0
user_37,device_132,220.06,0,0,0
user_93,device_104,179.55,0,0,0
user_22,device_64,140.73,1,0,0
user_68,device_106,169.31,0,0,0
user_20,device_98,226.99,0,0,0
user_96,device_10,249.52,0,0,0
user_68,device_149,199.87,0,0,0
user_91,device_128,235.27,0,0,0
user_64,device_46,295.16,0,0,0
user_17,device_66,226.87,0,0,0
user_12,device_112,144.56,0,0,0
user_22,device_13,267.65,0,0,0
user_17,device_137,4361.54,5,1,1
user_10,device_86,270.4,0,0,0
user_65,device_90,271.28,1,0,0
user_22,device_58,255.01,0,0,0
user_90,device_54,29.5,0,1,0
user_82,device_12,104.73,0,0,0
user_50,device_14,258.83,1,0,0
user_14,device_121,21.7,0,0,0
user_64,device_121,600.92,4,1,1
user_47,device_20,127.74,0,0,0
user_29,device_75,100.54,0,0,0
user_76,device_144,275.81,0,0,0
user_36,device_70,48.47,0,0,0
user_99,device_56,282.14,0,0,0
user_52,device_101,123.27,0,0,0
user_76,device_132,222.57,0,0,0
user_7,device_111,177.86,0,1,0
user_29,device_125,119.95,0,0,0
user_11,device_132,193.59,0,0,0
user_33,device_20,2723.66,3,1,1
user_6,device_138,217.38,0,0,0
user_79,device_24,141.88,0,0,0
user_32,device_37,118.21,1,0,0
user_51,device_54,155.1,0,0,0
user_75,device_103,198.11,0,0,0
user_58,device_149,194.42,0,0,0
user_87,device_38,214.49,0,0,0
user_26,device_4,252.84,0,0,0
user_98,device_57,235.94,0,0,0
user_46,device_20,253.06,0,1,0
user_98,device_17,165.42,0,0,0
user_29,device_119,54.57,0,0,0
user_4,device_71,277.18,0,0,0
user_81,device_4,112.93,0,0,0
user_99,device_14,132.77,0,0,0
user_13,device_3,265.48,0,0,0
user_39,device_80,71.26,0,1,0
user_15,device_55,67.03,0,0,0
user_29,device_132,242.77,1,0,0
user_29,device_120,270.24,0,1,0
user_75,device_24,144.85,0,0,0
user_32,device_82,107.23,0,1,0
user_2,device_147,246.92,0,1,0
user_47,device_60,34.68,0,0,0
user_78,device_147,71.13,0,0,0
user_84,device_49,87.88,0,0,0
user_22,device_63,52.71,1,0,0
user_75,device_110,290.65,0,0,0
user_27,device_109,241.51,0,0,0
user_67,device_76,77.43,0,0,0
user_81,device_30,113.04,0,0,0
user_56,device_58,71.05,0,0,0
user_92,device_117,109.37,0,0,0
user_93,device_100,872.32,3,1,1
user_21,device_19,214.94,0,0,0
user_47,device_94,148.76,0,0,0
user_80,device_113,100.39,0,0,0
user_59,device_146,263.87,0,1,0
user_84,device_63,124.76,0,0,0
user_6,device_116,2137.14,3,1,1
user_19,device_113,176.54,0,0,0
user_57,device_47,4379.91,4,0,1
user_69,device_57,1068.6,2,1,1
user_3,device_118,267.96,0,0,0
user_1,device_45,151.92,0,0,0
user_58,device_145,150.12,0,0,0
user_38,device_4,259.34,0,0,0
user_15,device_148,141.66,0,0,0
user_34,device_47,66.96,1,0,0
user_61,device_143,174.64,0,0,0
user_35,device_47,196.98,0,0,0
user_64,device_78,117.93,0,0,0
user_25,device_124,175.55,0,0,0
user_24,device_75,73.43,0,0,0
user_12,device_103,92.86,1,1,0
user_18,device_137,175.67,0,0,0
user_15,device_90,241.34,0,0,0
user_80,device_144,171.47,0,0,0
user_27,device_69,60.79,0,0,0
user_72,device_61,73.28,0,0,0
user_60,device_138,86.34,0,1,0
user_46,device_50,239.85,0,0,0
user_89,device_3,54.09,0,0,0
user_17,device_107,37.2,0,1,0
user_93,device_113,21.62,0,0,0
user_53,device_94,1571.66,4,1,1
user_8,device_118,11.87,0,0,0
user_79,device_81,188.42,0,0,0
user_27,device_109,214.18,1,0,0
user_46,device_51,215.36,0,0,0
user_50,device_147,3933.02,5,1,1
user_71,device_35,158.07,0,1,0
user_3,device_46,157.86,0,0,0
user_93,device_69,20.12,0,0,0
user_64,device_93,253.36,0,0,0
user_44,device_64,140.22,0,0,0
user_53,device_49,3760.69,3,1,1
user_24,device_149,64.85,1,0,0
user_60,device_74,187.12,0,0,0
user_3,device_5,174.85,0,0,0
user_20,device_100,171.37,0,0,0
user_46,device_70,278.93,0,0,0
user_15,device_90,227.33,0,0,0
user_25,device_4,1772.61,4,1,1
user_94,device_126,18.73,1,0,0
user_78,device_39,280.63,0,0,0
user_71,device_129,3553.25,3,1,1
user_17,device_24,3288.27,2,1,1
user_84,device_57,224.33,0,0,0
user_9,device_100,289.37,0,0,0
user_38,device_70,214.81,0,1,0
user_48,device_41,100.45,0,0,0
user_60,device_60,138.41,0,0,0
user_63,device_108,252.03,1,0,0
user_86,device_57,118.03,1,0,0
user_2,device_31,36.78,0,0,0
user_88,device_84,53.64,1,0,0
user_72,device_36,155.44,0,0,0
user_11,device_108,201.95,0,0,0
user_64,device_106,177.59,1,0,0
user_77,device_86,229.54,0,0,0
user_81,device_135,71.61,0,0,0
user_72,device_14,126.7,0,1,0
user_21,device_120,273.66,0,0,0
user_18,device_138,88.77,0,0,0
user_94,device_80,109.21,0,0,0
user_64,device_144,44.77,0,0,0
user_82,device_106,93.5,0,0,0
user_95,device_70,182.86,0,0,0
user_38,device_44,43.81,0,1,0
user_32,device_73,109.75,0,0,0
user_11,device_45,280.15,0,0,0
user_45,device_107,200.54,0,0,0
user_89,device_84,104.77,0,0,0
user_33,device_82,242.28,0,0,0
user_41,device_107,144.55,0,1,0
user_8,device_21,1466.13,2,1,1
user_11,device_7,237.22,0,0,0
user_86,device_70,260.41,0,1,0
user_51,device_127,238.95,0,0,0
user_88,device_143,1608.1,5,1,1
user_41,device_148,1668.52,4,1,1
user_17,device_143,79.62,0,0,0
user_76,device_149,17.9,0,0,0
user_46,device_120,296.94,0,0,0
user_32,device_128,209.74,0,0,0
user_79,device_142,32.17,0,0,0
user_80,device_57,55.91,0,0,0
user_54,device_58,1202.16,3,1,1
user_86,device_21,149.82,0,0,0
user_92,device_82,120.49,0,0,0
user_20,device_69,121.54,0,0,0
user_33,device_131,280.44,0,1,0
user_74,device_87,208.32,0,0,0
user_40,device_49,147.92,0,0,0
user_32,device_147,200.36,1,0,0
user_97,device_115,217.28,0,0,0
user_2,device_89,43.74,0,1,0
user_97,device_85,201.92,0,0,0
user_33,device_128,2977.99,5,1,1
user_77,device_140,23.57,0,0,0
user_30,device_117,270.79,1,0,0
user_33,device_127,227.51,0,0,0
user_77,device_71,90.65,0,0,0
user_26,device_86,3003.48,5,1,1
user_22,device_33,22.16,0,0,0
user_66,device_81,4456.99,4,0,1
user_38,device_61,102.13,1,0,0
user_90,device_61,100.78,0,0,0
user_46,device_98,144.74,0,0,0
user_15,device_28,1785.65,3,1,1
user_98,device_43,164.08,0,0,0
user_44,device_86,222.13,0,0,0
user_49,device_17,4248.18,3,1,1
user_75,device_98,78.77,0,0,0
user_61,device_98,155.14,0,0,0
user_67,device_65,168.77,0,1,0
user_6,device_74,72.41,0,0,0
user_9,device_85,250.26,0,0,0
user_6,device_5,104.06,0,0,0
user_73,device_2,4357.36,5,1,1
user_95,device_22,284.56,0,0,0
user_32,device_112,87.12,1,0,0
user_41,device_57,3215.88,4,1,1
user_76,device_66,134.99,0,0,0
user_8,device_74,29.05,0,0,0
user_72,device_98,154.1,1,0,0
user_50,device_144,47.85,0,0,0
user_92,device_112,241.19,0,0,0
user_62,device_125,108.76,0,0,0
user_84,device_86,56.29,0,0,0
user_62,device_76,78.15,0,1,0
user_7,device_88,98.33,0,0,0
user_75,device_38,1749.74,2,1,1
user_84,device_59,727.8,4,1,1
user_80,device_138,12.81,0,0,0
user_4,device_99,284.56,0,0,0
user_6,device_63,81.88,0,0,0
user_58,device_49,174.2,0,0,0
user_22,device_32,165.26,0,0,0
user_26,device_135,48.27,0,0,0
user_3,device_21,919.38,2,1,1
user_41,device_20,243.64,0,0,0
user_60,device_127,4177.87,2,0,1
user_14,device_68,66.04,0,0,0
user_75,device_110,93.32,0,0,0
user_82,device_116,202.21,0,0,0
user_12,device_143,3773.88,4,1,1
user_87,device_120,163.68,0,0,0
user_12,device_79,243.58,0,0,0
user_13,device_116,53.28,0,0,0
user_25,device_92,128.45,0,0,0
user_45,device_14,20.06,0,0,0
user_19,device_125,1370.46,3,1,1
user_55,device_58,110.0,0,0,0
user_45,device_28,45.41,0,0,0
user_8,device_26,263.78,0,0,0
user_93,device_113,2955.12,3,1,1
user_53,device_66,55.33,0,0,0
user_55,device_131,204.67,0,0,0
user_32,device_44,297.85,0,1,0
user_51,device_97,293.41,0,0,0
user_44,device_42,177.56,0,0,0
user_82,device_6,145.63,0,0,0
user_70,device_23,133.97,0,0,0
user_18,device_89,256.67,0,1,0
user_83,device_123,3600.89,2,0,1
user_22,device_147,947.96,4,0,1
user_37,device_51,247.33,0,1,0
user_96,device_11,297.67,0,0,0
user_56,device_12,3944.14,3,1,1
user_59,device_74,158.38,0,0,0
user_3,device_8,37.05,1,0,0
user_28,device_41,54.01,0,1,0
user_74,device_85,232.09,0,0,0
user_35,device_72,2201.45,5,1,1
user_61,device_55,75.62,0,0,0
user_93,device_137,191.35,0,0,0
user_54,device_47,27.38,0,0,0
user_63,device_143,256.34,0,0,0
user_79,device_104,108.98,0,1,0
user_97,device_42,106.27,0,0,0
user_7,device_60,33.66,0,0,0
user_76,device_12,193.1,0,0,0
user_49,device_130,60.65,0,0,0
user_94,device_7,289.94,0,1,0
user_85,device_80,177.3,0,0,0
user_31,device_131,30.12,0,0,0
user_58,device_109,108.88,1,0,0
user_61,device_3,51.55,0,0,0
user_24,device_27,162.39,0,1,0
user_20,device_114,239.74,0,0,0
user_37,device_107,284.32,0,0,0
user_4,device_40,88.87,0,0,0
user_92,device_129,193.78,0,0,0
user_20,device_8,221.35,0,0,0
user_60,device_101,171.41,0,0,0
user_24,device_124,37.38,0,1,0
user_50,device_107,198.44,0,0,0
user_49,device_101,221.39,0,0,0
user_51,device_4,10.01,0,0,0
user_96,device_110,83.8,0,0,0
user_36,device_19,256.83,1,0,0
user_98,device_32,2815.08,3,1,1
user_66,device_137,121.37,0,1,0
user_79,device_12,75.46,0,0,0
user_34,device_139,50.02,0,0,0
user_36,device_46,293.27,0,0,0
user_6,device_119,29.09,0,0,0
user_39,device_16,102.81,0,0,0
user_42,device_129,2700.66,5,1,1
user_58,device_63,101.42,0,0,0
user_12,device_109,1077.47,4,0,1
user_3,device_119,176.07,0,0,0
user_18,device_21,133.52,1,0,0
user_40,device_13,236.3,0,0,0
user_21,device_4,1883.88,4,1,1
user_15,device_102,256.49,0,0,0
user_97,device_59,289.41,0,0,0
user_99,device_128,179.81,0,0,0
user_26,device_27,26.54,0,0,0
user_8,device_69,167.86,0,0,0
user_94,device_25,247.82,0,0,0
user_87,device_131,209.9,0,0,0
user_42,device_97,187.95,0,0,0
user_44,device_25,179.11,0,0,0
user_14,device_148,195.88,0,0,0
user_78,device_126,213.5,0,0,0
user_2,device_133,274.29,0,0,0
user_37,device_9,26.5,0,0,0
user_69,device_116,106.09,0,0,0
user_38,device_134,229.31,0,0,0
user_41,device_60,281.07,0,0,0
user_62,device_121,179.52,1,0,0
user_60,device_139,27.99,0,0,0
user_14,device_108,56.96,0,1,0
user_89,device_108,141.0,0,0,0
user_84,device_131,43.39,0,0,0
user_2,device_76,122.31,0,0,0
user_70,device_30,197.99,0,0,0
user_17,device_21,282.75,0,1,0
user_89,device_34,53.92,0,0,0
user_28,device_41,178.7,0,0,0
user_66,device_51,46.78,0,0,0
user_35,device_82,222.97,0,0,0
user_5,device_58,170.19,0,1,0
user_65,device_75,177.32,0,0,0
user_40,device_23,166.68,0,0,0
user_76,device_128,273.33,0,0,0
user_56,device_17,51.61,0,0,0
user_36,device_69,3180.56,2,1,1
user_45,device_108,102.55,0,0,0
user_23,device_139,68.22,0,0,0
user_47,device_94,275.58,0,0,0
user_31,device_15,66.61,0,0,0
user_11,device_91,296.45,0,0,0
user_10,device_33,184.97,0,0,0
user_67,device_125,132.57,1,0,0
user_14,device_16,269.57,0,0,0
user_80,device_66,189.2,0,1,0
user_74,device_47,13.74,0,0,0
user_93,device_148,111.95,0,0,0
user_10,device_124,43.77,0,0,0
user_76,device_1,143.21,0,1,0
user_94,device_87,252.26,0,0,0
user_1,device_128,67.83,0,0,0
user_5,device_67,29.75,0,1,0
user_20,device_4,145.17,0,0,0
user_8,device_47,81.75,0,0,0
user_43,device_38,130.39,0,0,0
user_76,device_143,16.1,0,0,0
user_1,device_21,238.45,0,0,0
user_57,device_57,167.47,0,0,0
user_64,device_117,13.58,0,0,0
user_84,device_46,80.81,0,0,0
user_28,device_142,257.89,1,1,0
user_37,device_145,88.48,0,0,0
user_47,device_39,12.13,0,0,0
user_76,device_137,160.93,1,0,0
user_37,device_99,84.85,0,1,0
user_49,device_77,235.57,0,1,0
user_44,device_115,162.22,0,0,0
user_56,device_134,180.87,0,0,0
user_28,device_91,281.71,1,0,0
user_79,device_98,229.46,0,0,0
user_6,device_120,27.14,0,0,0
user_61,device_46,23.62,1,0,0
user_20,device_38,92.91,0,0,0
user_78,device_142,26.07,0,0,0
user_2,device_100,129.97,0,0,0
user_73,device_72,16.44,1,0,0
user_37,device_35,290.66,0,1,0
user_20,device_147,43.28,0,0,0
user_26,device_30,24.78,0,0,0
user_29,device_78,180.43,0,0,0
user_1,device_84,236.67,0,0,0
user_35,device_113,3413.56,4,1,1
user_70,device_25,79.79,0,0,0
user_59,device_88,75.15,0,0,0
user_69,device_14,293.68,0,0,0
user_33,device_102,106.92,0,0,0
user_51,device_83,177.72,0,0,0
user_78,device_110,261.26,0,0,0
user_12,device_131,50.6,0,0,0
user_20,device_19,126.79,0,1,0
user_53,device_28,49.21,0,0,0
user_88,device_71,48.57,0,1,0
user_43,device_63,265.08,1,1,0
user_98,device_73,70.41,0,0,0
user_89,device_124,150.3,0,0,0
user_50,device_119,3172.01,4,1,1
user_29,device_121,200.21,0,0,0
user_57,device_19,75.13,0,0,0
user_39,device_142,1645.43,4,1,1
user_95,device_120,173.53,0,0,0
user_56,device_61,174.54,0,0,0
user_43,device_30,186.93,0,0,0
user_50,device_9,85.79,0,0,0
user_23,device_64,158.98,0,0,0
user_44,device_120,2733.08,2,1,1
user_38,device_52,36.48,0,0,0
user_84,device_89,47.29,0,0,0
user_23,device_142,18.97,0,0,0
user_45,device_53,46.36,0,0,0
user_52,device_78,89.91,0,0,0
user_80,device_41,180.55,0,0,0
user_50,device_68,244.43,0,0,0
user_8,device_8,84.17,0,0,0
user_85,device_2,62.54,0,0,0
user_1,device_105,136.44,0,0,0
user_8,device_125,29.54,0,0,0
user_29,device_110,219.69,0,0,0
user_96,device_86,177.9,0,0,0
user_5,device_120,185.4,0,1,0
user_86,device_127,99.55,0,0,0
user_47,device_16,106.51,0,0,0
user_34,device_62,202.14,0,1,0
user_65,device_113,246.66,0,0,0
user_55,device_12,70.44,0,0,0
user_90,device_35,102.73,0,0,0
user_43,device_11,504.18,2,0,1
user_74,device_64,259.14,0,0,0
user_30,device_50,79.33,0,0,0
user_82,device_149,100.65,0,0,0
user_17,device_69,293.2,0,1,0
user_26,device_48,97.98,0,0,0
user_8,device_20,210.58,1,0,0
user_47,device_101,47.91,0,0,0
user_76,device_137,176.77,0,0,0
user_91,device_68,100.54,0,0,0
user_72,device_35,3853.47,4,1,1
user_89,device_65,11.98,0,1,0
user_46,device_8,4154.35,2,1,1
user_68,device_45,227.87,0,0,0
user_33,device_87,63.02,1,0,0
user_1,device_76,2026.58,2,1,1
user_19,device_76,87.55,0,0,0
user_31,device_47,183.99,0,0,0
user_80,device_15,278.6,0,0,0
user_14,device_105,89.37,1,0,0
user_53,device_147,257.47,0,0,0
user_48,device_26,204.11,0,0,0
user_69,device_52,98.75,0,0,0
user_90,device_93,11.49,0,0,0
user_62,device_21,207.97,0,1,0
user_92,device_51,262.66,0,0,0
user_66,device_38,242.94,1,0,0
user_64,device_20,33.77,0,0,0
user_70,device_132,195.12,0,1,0
user_63,device_55,288.25,0,0,0
user_73,device_92,66.42,0,0,0
user_33,device_28,194.45,0,0,0
user_41,device_4,99.28,0,0,0
user_89,device_76,294.56,1,1,0
user_48,device_67,126.64,0,0,0
user_13,device_86,277.44,0,0,0
user_73,device_91,50.38,0,0,0
user_77,device_105,104.57,0,0,0
user_31,device_1,260.12,0,0,0
user_75,device_72,192.59,0,0,0
user_68,device_87,293.5,0,1,0
user_98,device_6,274.34,0,0,0
user_4,device_145,84.14,0,0,0
user_19,device_61,1253.57,4,1,1
user_70,device_12,156.6,0,0,0
user_98,device_6,294.99,0,0,0
user_82,device_27,3484.16,5,1,1
user_13,device_136,145.71,0,0,0
user_23,device_124,269.57,0,0,0
user_83,device_106,49.83,0,0,0
user_75,device_93,279.94,0,0,0
user_1,device_109,100.36,0,0,0
user_88,device_99,10.48,0,0,0
user_54,device_142,148.82,0,0,0
user_71,device_35,170.61,0,0,0
user_89,device_84,248.45,0,0,0
user_85,device_56,264.1,0,0,0
user_15,device_141,214.61,0,0,0
user_65,device_49,31.17,0,0,0
user_76,device_46,78.0,0,1,0
user_71,device_113,41.33,0,0,0
user_15,device_136,89.61,0,0,0
user_21,device_43,141.14,0,0,0
user_19,device_148,246.37,0,0,0
user_60,device_124,204.76,0,0,0
user_93,device_97,20.93,0,0,0
user_89,device_90,173.1,0,0,0
user_33,device_39,267.09,0,1,0
user_49,device_85,87.45,0,1,0
user_96,device_62,104.51,1,0,0
user_35,device_106,15.3,1,0,0
user_44,device_107,297.65,1,0,0
user_90,device_54,165.9,0,0,0
user_11,device_126,27.81,0,0,0
user_99,device_9,137.21,1,0,0
user_72,device_88,223.85,0,0,0
user_78,device_37,108.4,0,1,0
user_74,device_49,101.24,0,0,0
user_66,device_41,275.58,0,0,0
user_46,device_17,104.62,0,0,0
user_9,device_88,692.33,2,1,1
user_3,device_21,32.58,1,0,0
user_85,device_51,259.3,0,1,0
user_26,device_59,13.84,0,0,0
user_72,device_41,4706.58,4,0,1
user_48,device_39,242.86,1,0,0
user_66,device_141,156.08,0,1,0
user_70,device_11,228.82,0,0,0
user_28,device_147,213.27,0,0,0
user_93,device_139,250.65,0,0,0
user_26,device_77,202.38,0,0,0
user_25,device_127,4069.08,3,1,1
user_12,device_46,21.55,0,1,0
user_5,device_45,286.55,0,0,0
user_98,device_1,1305.93,5,0,1
user_48,device_108,214.73,0,0,0
user_37,device_19,157.36,0,0,0
user_79,device_76,148.67,0,0,0
user_44,device_72,193.65,0,0,0
user_15,device_109,226.26,0,0,0
user_43,device_12,277.98,0,0,0
user_48,device_45,3521.33,3,1,1
user_87,device_90,1168.28,3,1,1
user_70,device_103,170.06,0,0,0
user_46,device_8,290.65,0,0,0
user_43,device_91,4698.3,5,1,1
user_21,device_87,115.13,0,0,0
user_23,device_84,146.02,0,0,0
user_80,device_82,994.38,4,1,1
user_47,device_146,67.81,0,0,0
user_15,device_68,176.98,0,0,0
user_25,device_127,114.51,0,0,0
user_36,device_82,168.19,0,0,0
user_75,device_147,77.16,0,0,0
user_51,device_84,81.21,0,0,0
user_15,device_113,42.33,0,0,0
user_68,device_76,217.26,0,0,0
user_21,device_122,91.89,0,1,0
user_13,device_143,221.37,0,0,0
user_86,device_41,68.37,0,0,0
user_19,device_2,517.27,4,1,1
user_34,device_29,183.25,0,0,0
user_78,device_105,84.55,0,0,0
user_68,device_51,225.73,1,0,0
user_52,device_75,109.22,1,0,0
user_27,device_10,151.82,0,1,0
user_29,device_142,175.0,0,0,0
user_28,device_51,109.14,0,0,0
user_35,device_118,115.34,0,1,0
user_8,device_121,190.73,0,0,0
user_16,device_39,255.06,0,0,0
user_36,device_28,2308.44,5,1,1
user_30,device_3,179.19,0,0,0
user_18,device_84,149.29,0,0,0
user_2,device_117,42.72,0,0,0
user_49,device_2,17.79,0,0,0
user_77,device_93,164.09,0,0,0
user_4,device_131,243.62,0,1,0
user_90,device_144,2910.36,3,1,1
user_89,device_94,139.55,0,0,0
user_94,device_40,10.27,0,1,0
user_75,device_2,80.28,0,0,0
user_7,device_81,2977.97,5,1,1
user_95,device_12,282.23,0,0,0
user_74,device_65,258.11,0,0,0
user_39,device_55,281.65,0,0,0
user_13,device_45,61.74,0,0,0
user_31,device_101,188.1,0,0,0
user_71,device_62,171.09,0,0,0
user_63,device_49,256.91,0,0,0
user_56,device_127,207.31,0,0,0
user_42,device_23,224.56,0,0,0
user_61,device_38,50.76,0,0,0
user_42,device_28,226.92,0,0,0
user_56,device_21,279.29,0,0,0
user_36,device_107,86.87,0,0,0
user_84,device_146,36.89,0,0,0
user_68,device_99,39.4,0,0,0
user_7,device_119,149.86,0,0,0
user_54,device_73,215.15,0,1,0
user_1,device_122,178.98,0,0,0
user_44,device_30,219.13,0,0,0
user_45,device_108,151.29,0,0,0
user_47,device_98,128.29,0,0,0
user_13,device_32,3776.06,2,1,1
user_22,device_79,63.88,0,0,0
user_21,device_41,200.91,0,0,0
user_86,device_63,171.87,0,1,0
user_92,device_23,277.57,0,0,0
user_9,device_104,223.77,0,0,0
user_26,device_75,107.53,1,0,0
user_9,device_48,170.32,0,0,0
user_15,device_57,34.77,1,0,0
user_10,device_118,188.11,0,0,0
user_88,device_100,134.45,0,0,0
user_42,device_124,252.87,0,0,0
user_72,device_34,156.42,0,0,0
user_24,device_7,177.27,0,0,0
user_80,device_56,25.3,0,0,0
user_49,device_65,23.09,0,0,0
user_26,device_47,86.1,0,0,0
user_91,device_148,140.23,0,0,0
user_37,device_19,106.4,0,0,0
user_68,device_146,116.37,0,0,0
user_50,device_126,290.22,1,1,0
user_24,device_139,184.23,0,0,0
user_19,device_49,192.92,0,0,0
user_60,device_113,229.76,0,0,0
user_39,device_38,278.15,0,0,0
user_74,device_64,274.71,0,0,0
user_89,device_69,82.43,0,1,0
user_18,device_136,172.17,0,0,0
user_19,device_116,14.65,1,0,0
user_36,device_65,184.93,0,0,0
user_74,device_31,280.44,0,0,0
user_97,device_132,178.7,0,0,0
user_55,device_113,265.15,0,1,0
user_69,device_109,190.82,0,0,0
user_47,device_69,68.52,1,0,0
user_49,device_120,206.16,0,0,0
user_99,device_88,229.37,0,0,0
user_98,device_67,188.82,0,0,0
user_33,device_75,145.88,0,1,0
user_21,device_45,70.64,0,0,0
user_81,device_4,233.03,0,0,0
user_22,device_107,16.09,0,0,0
user_48,device_51,246.83,0,0,0
user_37,device_50,166.13,1,0,0
user_15,device_6,250.57,0,1,0
user_35,device_59,227.91,1,0,0
user_92,device_125,115.39,1,0,0
user_71,device_143,106.33,0,0,0
user_32,device_30,4682.32,3,0,1
user_11,device_122,78.32,0,0,0
user_10,device_125,80.25,0,1,0
user_73,device_37,276.37,0,0,0
user_78,device_124,127.49,0,0,0
user_77,device_101,195.71,0,0,0
user_57,device_35,167.35,0,0,0
user_25,device_87,181.99,0,0,0
user_2,device_134,80.34,0,1,0
user_64,device_18,76.81,0,0,0
user_35,device_113,202.49,0,1,0
user_7,device_29,261.02,0,0,0
user_85,device_77,14.83,0,0,0
user_18,device_59,32.47,0,0,0
user_67,device_126,84.36,1,0,0
user_42,device_145,4088.27,4,1,1
user_39,device_109,293.92,0,0,0
user_41,device_22,273.88,0,0,0
user_75,device_68,241.36,0,0,0
user_24,device_69,147.78,0,1,0
user_60,device_49,3637.25,3,1,1
user_46,device_141,299.07,0,0,0
user_19,device_109,18.82,0,1,0
user_68,device_86,74.01,0,0,0
user_90,device_53,248.58,0,0,0
user_42,device_123,155.8,0,0,0
user_32,device_87,188.37,0,0,0
user_39,device_131,217.46,1,0,0
user_36,device_42,12.77,0,0,0
user_97,device_98,247.96,0,0,0
user_36,device_109,1981.54,4,1,1
user_3,device_51,143.5,0,1,0
user_73,device_85,24.55,0,0,0
user_8,device_127,91.73,0,0,0
user_97,device_21,16.34,0,0,0
user_70,device_44,145.64,0,0,0
user_41,device_139,621.98,5,1,1
user_68,device_103,42.46,0,0,0
user_13,device_68,239.68,1,0,0
user_49,device_129,157.8,1,0,0
user_60,device_92,151.35,1,0,0
user_2,device_24,279.99,0,0,0
user_60,device_125,268.23,0,0,0
user_5,device_141,104.06,1,0,0
user_44,device_111,215.61,0,0,0
user_27,device_98,123.76,0,0,0
user_32,device_139,113.75,0,0,0
user_21,device_17,43.46,0,0,0
user_8,device_99,216.74,0,0,0
user_72,device_82,110.69,0,0,0
user_50,device_104,281.92,0,0,0
user_67,device_19,186.96,1,0,0
user_44,device_85,16.97,0,0,0
user_58,device_8,227.12,0,1,0
user_3,device_28,4801.29,4,1,1
user_86,device_5,127.64,0,1,0
user_70,device_145,257.46,0,0,0
user_2,device_101,75.91,0,0,0
user_87,device_118,159.4,1,0,0
user_44,device_147,117.58,0,0,0
user_2,device_64,121.51,0,0,0
user_81,device_91,236.72,0,0,0
user_35,device_117,177.18,0,0,0
user_98,device_98,79.1,0,0,0
user_87,device_11,85.65,0,0,0
user_30,device_54,158.22,0,1,0
user_8,device_47,175.65,0,0,0
user_22,device_140,175.07,0,0,0
user_44,device_149,218.22,0,0,0
user_58,device_139,142.79,0,1,0
user_36,device_5,80.76,1,1,0
user_69,device_20,81.81,0,1,0
user_77,device_46,290.32,0,0,0
user_93,device_12,162.57,0,0,0
user_31,device_70,223.58,0,0,0
user_47,device_17,122.02,0,0,0
user_55,device_115,152.4,0,0,0
user_80,device_147,99.75,1,0,0
user_62,device_48,138.97,0,1,0
user_30,device_108,1587.21,3,0,1
user_55,device_52,256.48,0,0,0
user_16,device_96,534.95,3,1,1
user_12,device_70,224.48,0,0,0
